name,image,region,regioncode,country,2021 Rank,2021 Score,2020 Rank,2020 Score,2018 Rank,2018 Score,2017 Rank,2017 Score,2016 Rank,2016 Score,2015 Rank,2015 Score,2014 Rank,2014 Score,2013 Rank,2013 Score,2012 Rank,2012 Score,2011 Rank,2011 Score,2010 Rank,2010 Score,2009 Rank,2009 Score,2008 Rank,2008 Score,2007 Rank,2007 Score,2006 Rank,2006 Score,epo2021score,ea2021score,hs2021score,pe2021score,epo2020score,ea2020score,hs2020score,pe2020score,epo2018score,ea2018score,hs2018score,pe2018score,epo2017score,ea2017score,hs2017score,pe2017score,epo2016score,ea2016score,hs2016score,pe2016score,epo2015score,ea2015score,hs2015score,pe2015score,epo2014score,ea2014score,hs2014score,pe2014score,epo2013score,ea2013score,hs2013score,pe2013score,epo2012score,ea2012score,hs2012score,pe2012score,epo2011score,ea2011score,hs2011score,pe2011score,epo2010score,ea2010score,hs2010score,pe2010score,epo2009score,ea2009score,hs2009score,pe2009score,epo2008score,ea2008score,hs2008score,pe2008score,epo2007score,ea2007score,hs2007score,pe2007score,epo2006score,ea2006score,hs2006score,pe2006score
Afghanistan,156,Asia & Pacific,asia,ZW,156,0.444,0,0,0,0,0,0,0,0,0,0,0,0,0,0,0,0,0,0,0,0,0,0,0,0,0,0,0,0,0.180,0.514,0.952,0.132,0,0,0,0,0,0,0,0,0,0,0,0,0,0,0,0,0,0,0,0,0,0,0,0,0,0,0,0,0,0,0,0,0,0,0,0,0,0,0,0,0,0,0,0,0,0,0,0,0,0,0,0,0,0,0,0
Albania,25,Europe,eu,BF,25,0.77,20,0.769,34,0.734,38,0.728,62,0.704,70,0.701,83,0.6869,108,0.6412,91,0.6655,78,0.6748,78,0.6726,91,0.6601,87,0.6591,66,0.6685,61,0.6607,0.748,0.999,0.956,0.377,0.743,0.999,0.98,0.376,0.701,0.987,0.963,0.284,0.673,0.986,0.968,0.284,0.668,0.986,0.947,0.214,0.671,0.972,0.947,0.214,0.6534,0.97,0.9409,0.1834,0.6324,0.9755,0.9313,0.0256,0.6663,0.989,0.9313,0.0753,0.7129,0.9809,0.9268,0.0784,0.6808,0.9942,0.937,0.0785,0.6532,0.9906,0.9553,0.0413,0.6491,0.9907,0.9553,0.0413,0.6885,0.9925,0.9553,0.0375,0.661,0.989,0.955,0.038
Algeria,136,Arab States,arab,SY,136,0.633,132,0.634,128,0.629,127,0.629,120,0.642,128,0.632,126,0.6182,124,0.5966,120,0.6112,121,0.5991,119,0.6052,117,0.6119,111,0.6111,108,0.6068,97,0.6018,0.456,0.966,0.958,0.151,0.461,0.966,0.98,0.145,0.452,0.957,0.962,0.145,0.442,0.957,0.97,0.145,0.435,0.962,0.966,0.205,0.41,0.946,0.966,0.205,0.393,0.9363,0.9661,0.1772,0.3307,0.9387,0.9661,0.1511,0.3776,0.9499,0.9661,0.1511,0.4452,0.9502,0.9661,0.035,0.4666,0.953,0.9661,0.035,0.4697,0.9505,0.9714,0.0558,0.468,0.9491,0.9714,0.0558,0.4643,0.9422,0.9714,0.0495,0.443,0.944,0.971,0.049
Angola,119,Africa,afr,QA,119,0.657,118,0.66,125,0.633,123,0.64,117,0.643,126,0.637,121,0.6311,92,0.6659,0,0,0,0,0,0,0,0,0,0,0,0,0,0,0.646,0.759,0.976,0.245,0.64,0.759,0.98,0.262,0.602,0.745,0.98,0.206,0.56,0.763,0.976,0.262,0.565,0.778,0.98,0.251,0.59,0.726,0.98,0.251,0.5878,0.7211,0.9754,0.2402,0.6163,0.8062,0.9796,0.2614,0,0,0,0,0.5937,0.7864,0.9796,0.2898,0.6296,0.7854,0.9796,0.2901,0.5832,0.7779,0.9796,0.2007,0.5843,0.7779,0.9796,0.0711,0.5851,0.7792,0.9796,0.0696,0.587,0.779,0.980,0.070
Argentina,35,South/Latin America,samer,CG,35,0.752,30,0.746,36,0.733,34,0.732,33,0.735,35,0.734,31,0.7317,34,0.7195,32,0.7212,28,0.7236,29,0.7187,24,0.7211,24,0.7209,33,0.6982,41,0.6829,0.639,1.000,0.977,0.390,0.623,0.995,0.98,0.387,0.599,0.995,0.98,0.356,0.596,0.998,0.98,0.356,0.616,0.995,0.98,0.35,0.615,0.996,0.98,0.347,0.6312,0.9962,0.9796,0.3197,0.5887,0.9962,0.9796,0.3136,0.6075,0.9962,0.9796,0.3018,0.6124,0.9941,0.9796,0.3084,0.6024,0.9953,0.9796,0.2976,0.6029,0.9941,0.9796,0.3077,0.607,0.9941,0.9796,0.3027,0.6128,0.996,0.9796,0.2044,0.551,0.997,0.980,0.204
Armenia,114,Europe,eu,PY,114,0.673,98,0.684,98,0.678,97,0.677,102,0.669,105,0.668,103,0.6622,94,0.6634,92,0.6636,84,0.6654,84,0.6669,90,0.6619,78,0.6677,71,0.6651,0,0,0.655,0.998,0.950,0.091,0.673,0.998,0.98,0.118,0.675,1,0.939,0.099,0.671,0.999,0.939,0.099,0.671,1,0.939,0.068,0.664,1,0.939,0.068,0.6478,0.9996,0.9332,0.068,0.6384,0.9995,0.9497,0.0662,0.6446,0.9995,0.9441,0.0662,0.658,0.9994,0.9419,0.0623,0.669,0.9994,0.937,0.0621,0.6712,0.9992,0.9332,0.0439,0.6969,0.9993,0.9279,0.0468,0.7211,0.999,0.9227,0.0173,0,0,0,0
Australia,50,Asia & Pacific,asia,FJ,50,0.731,44,0.731,39,0.73,35,0.731,46,0.721,36,0.733,24,0.7409,24,0.739,25,0.7294,23,0.7291,23,0.7271,20,0.7282,21,0.7241,17,0.7204,15,0.7163,0.700,1.000,0.968,0.258,0.722,1,0.98,0.231,0.718,1,0.971,0.232,0.724,1,0.97,0.232,0.719,1,0.974,0.193,0.766,1,0.974,0.193,0.801,1,0.9737,0.1887,0.7879,1,0.9735,0.1945,0.7593,1,0.9735,0.1847,0.7565,1,0.9739,0.1861,0.7428,1,0.9739,0.1917,0.7477,1,0.9737,0.1915,0.7307,1,0.9741,0.1915,0.744,1,0.9741,0.1634,0.726,1.000,0.976,0.163
Austria,21,Europe,eu,BW,21,0.777,34,0.744,53,0.718,57,0.709,52,0.716,37,0.733,36,0.7266,19,0.7437,20,0.7391,34,0.7165,37,0.7091,42,0.7031,29,0.7153,27,0.706,27,0.6986,0.665,1.000,0.970,0.473,0.659,1,0.98,0.344,0.658,1,0.974,0.242,0.66,0.988,0.975,0.216,0.65,0.987,0.98,0.246,0.705,1,0.98,0.246,0.6704,1,0.9789,0.2573,0.6642,1,0.9787,0.3318,0.6515,0.9946,0.9787,0.3318,0.6245,0.9886,0.9787,0.2744,0.5952,0.9886,0.9787,0.2742,0.5701,0.9886,0.9796,0.2744,0.5872,0.9886,0.9796,0.3057,0.5824,0.9802,0.9796,0.2821,0.553,0.980,0.980,0.282
Azerbaijan,100,Asia & Pacific,asia,MM,100,0.688,94,0.687,97,0.68,98,0.676,86,0.684,96,0.675,94,0.6753,99,0.6582,99,0.6546,91,0.6577,100,0.6446,89,0.6626,61,0.6856,59,0.6781,0,0,0.748,0.996,0.939,0.069,0.748,0.996,0.98,0.063,0.716,1,0.941,0.063,0.717,0.984,0.941,0.063,0.728,0.988,0.95,0.069,0.701,0.984,0.95,0.063,0.7087,0.984,0.9441,0.0642,0.6591,0.982,0.9254,0.0663,0.6489,0.983,0.92,0.0663,0.642,0.9891,0.9331,0.0665,0.6352,0.9671,0.9287,0.0473,0.6863,0.9699,0.9366,0.0575,0.7863,0.9673,0.9313,0.0575,0.7319,0.9715,0.926,0.0831,0,0,0,0
Bahamas,58,South/Latin America,samer,GT,58,0.725,61,0.72,30,0.741,27,0.743,37,0.729,40,0.728,35,0.7269,40,0.7128,37,0.7156,22,0.734,36,0.7128,28,0.7179,0,0,0,0,0,0,0.857,1.000,0.980,0.064,0.838,1,0.98,0.061,0.863,1,0.98,0.122,0.871,1,0.978,0.122,0.827,1,0.98,0.11,0.823,1,0.98,0.11,0.8223,1,0.9796,0.1059,0.8244,1,0.9796,0.0471,0.8359,1,0.9796,0.0471,0.9135,1,0.9796,0.043,0.8288,1,0.9796,0.043,0.8264,1,0.9796,0.0655,0,0,0,0,0,0,0,0,0,0,0,0
Bahrain,137,Arab States,arab,TJ,137,0.632,133,0.629,132,0.627,126,0.632,131,0.615,123,0.644,124,0.6261,112,0.6334,111,0.6298,110,0.6232,110,0.6217,116,0.6136,121,0.5927,115,0.5931,102,0.5894,0.518,0.985,0.959,0.066,0.51,0.985,0.98,0.066,0.515,0.998,0.958,0.037,0.537,0.991,0.961,0.037,0.475,0.987,0.961,0.037,0.597,0.981,0.961,0.037,0.4803,0.9855,0.9612,0.0774,0.5146,0.9911,0.9612,0.0667,0.4967,0.9947,0.9612,0.0667,0.5079,0.9862,0.9612,0.0376,0.4967,0.9915,0.9612,0.0376,0.483,0.9911,0.9612,0.0192,0.3988,0.9917,0.9612,0.0192,0.3903,0.9893,0.9612,0.0315,0.383,0.989,0.962,0.024
Bangladesh,65,Asia & Pacific,asia,ID,65,0.719,50,0.726,48,0.721,47,0.719,72,0.698,64,0.704,68,0.6973,75,0.6848,86,0.6684,69,0.6812,82,0.6702,93,0.6526,90,0.6531,100,0.6314,91,0.627,0.418,0.951,0.962,0.546,0.438,0.951,0.98,0.545,0.441,0.95,0.969,0.526,0.465,0.954,0.966,0.493,0.41,0.95,0.971,0.462,0.462,0.948,0.971,0.433,0.4774,0.9402,0.9663,0.4055,0.4954,0.8846,0.9557,0.4036,0.4799,0.8575,0.9557,0.3804,0.4932,0.9168,0.9557,0.3591,0.4732,0.9139,0.9557,0.3378,0.4552,0.9113,0.95,0.2939,0.4436,0.9093,0.9496,0.3098,0.4374,0.8714,0.9496,0.2673,0.423,0.868,0.950,0.267
Barbados,27,South/Latin America,samer,KH,27,0.769,28,0.749,21,0.753,23,0.75,28,0.739,24,0.744,33,0.7289,29,0.7301,27,0.7232,33,0.717,31,0.7176,21,0.7236,26,0.7188,0,0,0,0,0.837,0.991,0.968,0.278,0.808,0.991,0.98,0.222,0.871,1,0.976,0.166,0.877,1,0.973,0.15,0.825,1,0.98,0.15,0.848,0.998,0.98,0.15,0.7885,0.9976,0.9796,0.1501,0.7907,1,0.9796,0.1503,0.7905,1,0.9796,0.1226,0.7843,1,0.9796,0.1042,0.787,1,0.9796,0.1037,0.7854,1,0.9796,0.1295,0.7706,0.9957,0.9796,0.1295,0,0,0,0,0,0,0,0
Belarus,33,Europe,eu,CN,33,0.758,29,0.746,28,0.747,26,0.744,30,0.737,34,0.734,0,0,0,0,0,0,0,0,0,0,0,0,0,0,0,0,0,0,0.840,0.999,0.977,0.216,0.837,0.999,0.98,0.172,0.838,0.998,0.979,0.173,0.827,0.999,0.979,0.173,0.823,1,0.979,0.146,0.813,1,0.979,0.146,0.8203,0.9995,0.9791,0.1211,0,0,0,0,0,0,0,0,0,0,0,0,0,0,0,0,0.7256,0.9901,0.9791,0.1615,0.726,0.9902,0.9791,0.1442,0.7282,0.9835,0.9791,0.1546,0,0,0,0
Belgium,13,Europe,eu,BB,13,0.789,27,0.75,32,0.738,31,0.739,24,0.745,19,0.753,10,0.7809,11,0.7684,12,0.7652,13,0.7531,14,0.7509,33,0.7165,28,0.7163,19,0.7198,20,0.7078,0.709,1.000,0.968,0.480,0.714,1,0.98,0.313,0.714,1,0.973,0.264,0.716,1,0.976,0.264,0.731,1,0.974,0.275,0.762,1,0.974,0.275,0.7577,0.9921,0.9789,0.3948,0.7367,0.9918,0.9787,0.3664,0.7241,0.9918,0.9787,0.3664,0.7187,0.9909,0.9787,0.3241,0.7097,0.9909,0.9787,0.3244,0.653,0.991,0.9789,0.2431,0.6519,0.991,0.9789,0.2431,0.6684,1,0.9789,0.2319,0.620,1.000,0.980,0.232
Belize,90,South/Latin America,samer,ML,90,0.699,110,0.671,111,0.662,79,0.692,98,0.676,103,0.668,100,0.6701,107,0.6449,102,0.6465,100,0.6489,93,0.6536,87,0.6636,86,0.661,94,0.6426,0,0,0.749,0.991,0.980,0.075,0.68,0.991,0.98,0.032,0.648,0.99,0.98,0.032,0.772,0.988,0.976,0.032,0.686,0.99,0.98,0.048,0.651,0.994,0.98,0.048,0.653,1,0.9796,0.048,0.6458,0.9445,0.9796,0.0099,0.6414,0.955,0.9796,0.0099,0.6162,1,0.9796,0,0.6362,0.9987,0.9796,0,0.6215,0.9985,0.9796,0.0549,0.6094,1,0.9796,0.0549,0.5521,1,0.9796,0.0389,0,0,0,0
Benin,123,Africa,afr,SA,123,0.653,119,0.658,118,0.654,116,0.652,127,0.636,129,0.625,0,0,126,0.5885,117,0.6258,128,0.5832,128,0.5719,131,0.5643,126,0.5582,123,0.5656,110,0.578,0.814,0.733,0.973,0.093,0.847,0.733,0.98,0.079,0.85,0.729,0.972,0.065,0.864,0.714,0.964,0.065,0.795,0.712,0.967,0.067,0.764,0.7,0.967,0.067,0,0,0,0,0.7419,0.5127,0.9612,0.1383,0.7591,0.6446,0.9612,0.1383,0.6494,0.6558,0.9612,0.0664,0.6049,0.6457,0.9612,0.0757,0.5463,0.6273,0.9754,0.1081,0.5162,0.6329,0.9754,0.1081,0.5429,0.6579,0.9754,0.0864,0.618,0.643,0.969,0.082
Bhutan,130,Asia & Pacific,asia,ZA,130,0.639,131,0.635,122,0.638,124,0.638,121,0.642,118,0.646,120,0.6364,93,0.6651,0,0,0,0,0,0,0,0,0,0,0,0,0,0,0.556,0.954,0.963,0.082,0.544,0.954,0.98,0.082,0.619,0.917,0.96,0.056,0.622,0.916,0.959,0.056,0.619,0.925,0.966,0.056,0.641,0.921,0.966,0.056,0.6368,0.886,0.9665,0.0563,0.7528,0.8843,0.9725,0.0509,0,0,0,0,0,0,0,0,0,0,0,0,0,0,0,0,0,0,0,0,0,0,0,0,0,0,0,0
Bolivia,61,South/Latin America,samer,HN,61,0.722,42,0.734,25,0.748,17,0.758,23,0.746,22,0.749,58,0.7049,27,0.734,30,0.7222,62,0.6862,76,0.6751,82,0.6693,80,0.6667,80,0.6574,87,0.6335,0.595,0.981,0.962,0.352,0.623,0.98,0.98,0.357,0.63,0.976,0.979,0.408,0.692,0.956,0.976,0.408,0.619,0.97,0.98,0.415,0.634,0.967,0.98,0.415,0.6379,0.9697,0.977,0.235,0.6841,0.9623,0.9719,0.3175,0.6365,0.9629,0.9719,0.3175,0.6352,0.9646,0.9719,0.1732,0.5957,0.9592,0.9719,0.1735,0.5906,0.9746,0.9668,0.145,0.5837,0.9713,0.9668,0.145,0.6072,0.968,0.9668,0.0875,0.559,0.917,0.970,0.087
Bosnia and Herzegovina,76,Europe,eu,KR,76,0.713,69,0.712,62,0.712,66,0.702,83,0.685,0,0,0,0,0,0,0,0,0,0,0,0,0,0,0,0,0,0,0,0,0.608,0.967,0.974,0.302,0.614,0.967,0.98,0.29,0.599,0.981,0.98,0.29,0.575,0.981,0.979,0.275,0.581,0.996,0.973,0.191,0,0,0,0,0,0,0,0,0,0,0,0,0,0,0,0,0,0,0,0,0,0,0,0,0,0,0,0,0,0,0,0,0,0,0,0,0,0,0,0
Botswana,71,Africa,afr,JM,71,0.716,73,0.709,55,0.715,46,0.72,54,0.715,55,0.71,51,0.7129,85,0.6752,77,0.6744,66,0.6832,62,0.6876,39,0.7071,63,0.6839,53,0.6797,34,0.6897,0.799,1.000,0.980,0.084,0.779,1,0.98,0.079,0.802,1,0.98,0.079,0.822,1,0.978,0.079,0.819,1,0.973,0.068,0.8,1,0.973,0.068,0.8166,1,0.9671,0.0679,0.7108,1,0.9549,0.0353,0.7076,1,0.9549,0.0353,0.7185,1,0.9549,0.0595,0.7359,1,0.9549,0.0597,0.742,0.9999,0.9527,0.1338,0.6492,0.9999,0.9527,0.1338,0.6397,0.9979,0.9527,0.1287,0.693,0.981,0.956,0.129
Brazil,93,South/Latin America,samer,MU,93,0.695,92,0.691,95,0.681,90,0.684,79,0.687,85,0.686,71,0.6941,62,0.6949,62,0.6909,82,0.6679,85,0.6655,81,0.6695,73,0.6737,74,0.6637,67,0.6543,0.665,1.000,0.980,0.138,0.653,1,0.98,0.133,0.645,1,0.98,0.101,0.655,1,0.98,0.101,0.64,0.998,0.98,0.132,0.642,1,0.98,0.123,0.6491,1,0.9796,0.1476,0.6561,1,0.9796,0.144,0.6499,1,0.9796,0.1344,0.649,0.9904,0.9796,0.0526,0.6431,0.9904,0.9796,0.0488,0.6369,0.9991,0.9796,0.0625,0.6526,1,0.9796,0.0625,0.6449,0.9686,0.9796,0.0617,0.604,0.972,0.980,0.061
Brunei Darussalam,111,Asia & Pacific,asia,PK,111,0.678,95,0.686,90,0.686,102,0.671,103,0.669,88,0.684,98,0.6719,88,0.673,75,0.675,76,0.6787,77,0.6748,94,0.6524,99,0.6392,0,0,0,0,0.722,0.992,0.965,0.031,0.752,0.992,0.98,0.031,0.752,0.99,0.969,0.031,0.692,0.99,0.969,0.031,0.696,0.992,0.966,0.021,0.78,0.993,0.966,0,0.736,0.9858,0.9657,0,0.7372,0.9889,0.9658,0,0.7403,0.9937,0.9658,0,0.7552,0.9938,0.9658,0,0.7404,0.9931,0.9658,0,0.6239,0.9923,0.9659,0.0275,0.57,0.9934,0.9659,0.0275,0,0,0,0,0,0,0,0
Bulgaria,38,Europe,eu,HR,38,0.746,49,0.727,18,0.756,18,0.756,41,0.726,43,0.722,22,0.7444,43,0.7097,52,0.7021,51,0.6987,50,0.6983,38,0.7072,36,0.7077,25,0.7085,37,0.687,0.738,0.991,0.979,0.275,0.715,0.989,0.98,0.225,0.708,0.989,0.979,0.346,0.71,0.99,0.979,0.346,0.716,0.993,0.979,0.215,0.701,0.992,0.979,0.215,0.7288,0.9934,0.9791,0.2764,0.7067,0.9924,0.9791,0.1606,0.696,0.9924,0.9791,0.1409,0.6867,0.9923,0.9791,0.1367,0.6843,0.9925,0.9791,0.1372,0.6935,0.9921,0.9791,0.1641,0.6975,0.9901,0.9791,0.1641,0.6992,0.9889,0.9791,0.1666,0.613,0.989,0.979,0.167
Burkina Faso,124,Africa,afr,SN,124,0.651,129,0.635,129,0.629,121,0.646,123,0.64,114,0.651,110,0.65,103,0.6513,104,0.6455,115,0.6153,111,0.6162,120,0.6081,115,0.6029,117,0.5912,104,0.5854,0.689,0.873,0.978,0.066,0.614,0.873,0.98,0.089,0.623,0.853,0.963,0.075,0.716,0.829,0.963,0.075,0.714,0.809,0.967,0.068,0.721,0.831,0.967,0.083,0.722,0.7988,0.9673,0.1117,0.7467,0.7987,0.9685,0.0914,0.7376,0.7864,0.9685,0.0897,0.6266,0.7563,0.9685,0.1097,0.6383,0.7485,0.9685,0.1098,0.6395,0.726,0.9699,0.0971,0.6377,0.7068,0.9699,0.0971,0.6313,0.6798,0.9699,0.084,0.639,0.646,0.973,0.084
Burundi,26,Africa,afr,BI,26,0.769,32,0.745,31,0.741,22,0.755,12,0.768,23,0.748,17,0.7565,22,0.7397,24,0.7338,24,0.727,0,0,0,0,0,0,0,0,0,0,0.855,0.896,0.979,0.345,0.837,0.896,0.98,0.269,0.839,0.89,0.978,0.255,0.911,0.876,0.98,0.255,0.865,0.917,0.974,0.314,0.845,0.857,0.974,0.314,0.863,0.9013,0.9796,0.2822,0.8307,0.8895,0.9685,0.2702,0.8322,0.8644,0.9685,0.2702,0.8355,0.8565,0.9685,0.2477,0,0,0,0,0,0,0,0,0,0,0,0,0,0,0,0,0,0,0,0
Cambodia,103,Asia & Pacific,asia,NL,103,0.684,89,0.694,93,0.683,99,0.676,112,0.658,109,0.662,108,0.652,104,0.6509,103,0.6457,102,0.6464,97,0.6482,104,0.641,94,0.6469,98,0.6353,89,0.6291,0.729,0.919,0.978,0.111,0.759,0.939,0.98,0.103,0.719,0.938,0.975,0.102,0.698,0.921,0.98,0.104,0.659,0.897,0.98,0.098,0.681,0.891,0.98,0.098,0.654,0.8833,0.9796,0.0911,0.6514,0.8811,0.9796,0.0916,0.6402,0.8714,0.9796,0.0916,0.6315,0.8651,0.9796,0.1093,0.6383,0.8655,0.9796,0.1095,0.6488,0.8568,0.9796,0.0786,0.6588,0.8559,0.9796,0.0933,0.664,0.8451,0.9796,0.0525,0.675,0.809,0.980,0.053
Cameroon,96,Africa,afr,MN,96,0.692,96,0.686,57,0.714,87,0.689,85,0.684,90,0.682,0,0,100,0.656,112,0.6291,119,0.6073,114,0.611,118,0.6108,117,0.6017,116,0.5919,103,0.5865,0.706,0.885,0.973,0.202,0.689,0.885,0.98,0.196,0.816,0.876,0.973,0.191,0.725,0.868,0.972,0.191,0.727,0.862,0.968,0.18,0.724,0.857,0.968,0.18,0,0,0,0,0.7258,0.847,0.9612,0.0902,0.6834,0.7816,0.9612,0.0902,0.5252,0.8597,0.9612,0.083,0.5414,0.8585,0.9612,0.0829,0.5498,0.8421,0.9686,0.0825,0.5211,0.8343,0.9686,0.0825,0.5114,0.8264,0.9686,0.0611,0.495,0.824,0.966,0.061
Canada,24,North America,namer,BG,24,0.772,19,0.772,16,0.771,16,0.769,35,0.731,30,0.74,19,0.7464,20,0.7425,21,0.7381,18,0.7407,20,0.7372,25,0.7196,31,0.7136,18,0.7198,14,0.7165,0.741,1.000,0.968,0.381,0.751,1,0.98,0.365,0.748,1,0.971,0.365,0.744,1,0.97,0.361,0.732,1,0.969,0.222,0.773,1,0.969,0.218,0.7928,1,0.9694,0.2233,0.7959,1,0.978,0.1959,0.7877,0.9909,0.978,0.1959,0.7759,0.9989,0.9784,0.2095,0.7768,0.9977,0.9784,0.1959,0.7641,0.9977,0.9783,0.1383,0.7441,0.9977,0.9783,0.1343,0.7428,0.9987,0.9787,0.1592,0.730,0.999,0.978,0.159
Cape Verde,68,Africa,afr,IE,68,0.716,52,0.725,72,0.702,89,0.686,36,0.729,50,0.717,50,0.7133,41,0.7122,35,0.718,0,0,0,0,0,0,0,0,0,0,0,0,0.761,0.972,0.980,0.152,0.79,0.972,0.98,0.163,0.684,0.971,0.974,0.178,0.615,0.98,0.969,0.178,0.61,0.984,0.98,0.343,0.591,0.97,0.98,0.329,0.6077,0.9648,0.9796,0.3013,0.602,0.9663,0.9796,0.3011,0.6231,0.9681,0.9796,0.3011,0,0,0,0,0,0,0,0,0,0,0,0,0,0,0,0,0,0,0,0,0,0,0,0
Chad,148,Africa,afr,GB,148,0.593,147,0.596,145,0.58,141,0.575,140,0.587,142,0.58,140,0.5764,134,0.5588,133,0.5594,134,0.5334,133,0.533,133,0.5417,129,0.529,127,0.5381,113,0.5247,0.693,0.589,0.970,0.118,0.682,0.589,0.98,0.141,0.677,0.575,0.971,0.097,0.667,0.572,0.974,0.087,0.667,0.618,0.968,0.093,0.666,0.591,0.968,0.093,0.6645,0.5743,0.9683,0.0983,0.6547,0.5311,0.9612,0.0883,0.6772,0.5197,0.9612,0.0796,0.593,0.5158,0.9612,0.0638,0.6265,0.5091,0.9612,0.0352,0.6474,0.4743,0.9765,0.0685,0.6028,0.4683,0.9765,0.0685,0.6523,0.4699,0.9765,0.0537,0.601,0.468,0.976,0.054
Chile,70,South/Latin America,samer,IT,70,0.716,57,0.723,54,0.717,63,0.704,70,0.699,73,0.698,66,0.6975,91,0.667,87,0.6676,46,0.703,48,0.7013,64,0.6884,65,0.6818,86,0.6482,78,0.6455,0.610,1.000,0.970,0.283,0.608,1,0.98,0.307,0.585,0.999,0.977,0.307,0.573,0.999,0.978,0.266,0.565,0.999,0.979,0.254,0.57,1,0.979,0.243,0.5523,0.9997,0.9792,0.2589,0.5445,0.9993,0.9796,0.1448,0.5475,0.9986,0.9796,0.1448,0.5411,0.9957,0.9796,0.2958,0.5338,0.9963,0.9796,0.2957,0.5213,0.9961,0.9796,0.2566,0.5154,0.9856,0.9796,0.2467,0.5172,0.9799,0.9796,0.116,0.514,0.980,0.980,0.109
China,107,Asia & Pacific,asia,NG,107,0.682,106,0.676,103,0.673,100,0.674,99,0.676,91,0.682,87,0.683,69,0.6908,69,0.6853,61,0.6866,61,0.6881,60,0.6907,57,0.6878,73,0.6643,63,0.6561,0.701,0.973,0.935,0.118,0.651,0.973,0.98,0.154,0.653,0.958,0.915,0.164,0.654,0.963,0.918,0.16,0.656,0.967,0.919,0.162,0.657,0.988,0.919,0.162,0.6555,0.9855,0.9404,0.1506,0.6752,0.988,0.9398,0.1604,0.6753,0.9819,0.9344,0.1496,0.6825,0.9815,0.9327,0.1496,0.6927,0.981,0.929,0.1495,0.6955,0.9797,0.9467,0.1408,0.6915,0.9778,0.941,0.1408,0.6478,0.9574,0.941,0.1107,0.621,0.957,0.936,0.111
Colombia,59,South/Latin America,samer,GN,59,0.725,22,0.758,40,0.729,36,0.731,39,0.727,42,0.725,53,0.7122,35,0.7171,63,0.6901,80,0.6714,55,0.6927,56,0.6939,50,0.6944,24,0.709,22,0.7049,0.708,1.000,0.975,0.216,0.735,1,0.98,0.318,0.733,1,0.98,0.203,0.74,1,0.98,0.206,0.749,0.999,0.979,0.18,0.746,0.994,0.979,0.18,0.7107,0.9961,0.9791,0.1628,0.7275,0.9954,0.9791,0.1662,0.6207,0.9944,0.9791,0.1662,0.5984,0.9955,0.9791,0.1125,0.6941,0.9956,0.9791,0.1018,0.694,0.9996,0.9796,0.1026,0.6966,0.9987,0.9796,0.1026,0.691,0.9996,0.9796,0.1657,0.661,1.000,0.980,0.180
Congo Democratic Rep.,151,Africa,afr,VU,151,0.576,149,0.578,144,0.582,0,0,0,0,0,0,0,0,0,0,0,0,0,0,0,0,0,0,0,0,0,0,0,0,0.571,0.658,0.976,0.099,0.589,0.658,0.98,0.089,0.613,0.674,0.976,0.063,0.74,1,0.98,0.206,0,0,0,0,0,0,0,0,0,0,0,0,0,0,0,0,0,0,0,0,0,0,0,0,0,0,0,0,0,0,0,0,0,0,0,0,0,0,0,0,0,0,0,0
Costa Rica,15,South/Latin America,samer,BE,15,0.786,13,0.782,22,0.749,41,0.727,32,0.736,38,0.732,48,0.7165,31,0.7241,29,0.7225,25,0.7266,28,0.7194,27,0.718,32,0.7111,28,0.7014,30,0.6936,0.624,1.000,0.973,0.545,0.607,1,0.98,0.545,0.614,1,0.977,0.406,0.62,0.999,0.974,0.314,0.606,1,0.975,0.365,0.587,1,0.975,0.365,0.6155,1,0.9747,0.2758,0.5955,1,0.9747,0.3263,0.5987,1,0.9747,0.3164,0.5935,1,0.9747,0.3382,0.5787,0.9954,0.9747,0.3287,0.6136,0.9954,0.9796,0.2833,0.586,0.9954,0.9796,0.2833,0.5536,0.9954,0.9796,0.2771,0.522,0.995,0.980,0.277
C_te d'Ivoire,134,Africa,afr,SE,134,0.637,142,0.606,131,0.627,133,0.611,136,0.597,133,0.606,136,0.5874,131,0.5814,130,0.5785,130,0.5773,130,0.5691,0,0,0,0,0,0,0,0,0.664,0.828,0.979,0.076,0.545,0.828,0.98,0.082,0.621,0.815,0.97,0.102,0.575,0.8,0.968,0.102,0.575,0.764,0.968,0.081,0.603,0.773,0.968,0.081,0.5817,0.7217,0.968,0.0781,0.5561,0.7141,0.9796,0.0758,0.5468,0.7095,0.9796,0.0782,0.5569,0.7073,0.9796,0.0656,0.539,0.6923,0.9796,0.0655,0,0,0,0,0,0,0,0,0,0,0,0,0,0,0,0
Croatia,45,Europe,eu,EG,45,0.733,60,0.72,59,0.712,54,0.711,68,0.7,59,0.708,55,0.7075,49,0.7069,49,0.7053,50,0.7006,53,0.6939,54,0.6944,46,0.6967,16,0.721,16,0.7145,0.666,0.995,0.978,0.294,0.674,0.995,0.98,0.232,0.681,0.998,0.98,0.191,0.689,0.995,0.98,0.18,0.672,0.995,0.979,0.154,0.664,0.994,0.979,0.193,0.6753,0.9938,0.9791,0.1817,0.6753,0.9951,0.9791,0.1779,0.6691,0.995,0.9791,0.1779,0.6676,0.9954,0.9796,0.1598,0.6606,0.9939,0.9796,0.1417,0.6458,0.9946,0.9791,0.1579,0.6554,0.9944,0.9791,0.1579,0.6783,0.9892,0.9791,0.2375,0.651,0.990,0.979,0.238
Cuba,39,South/Latin America,samer,CU,39,0.746,31,0.746,23,0.749,25,0.745,27,0.74,29,0.74,30,0.7317,15,0.754,19,0.7417,20,0.7394,24,0.7253,29,0.7176,25,0.7195,22,0.7169,0,0,0.630,0.998,0.973,0.382,0.617,0.998,0.98,0.392,0.627,0.999,0.975,0.396,0.629,1,0.97,0.382,0.578,1,0.975,0.407,0.579,1,0.975,0.407,0.5798,1,0.9791,0.368,0.6736,0.9995,0.9743,0.3685,0.6655,0.9995,0.9743,0.3276,0.6656,1,0.9743,0.318,0.6092,1,0.9743,0.3176,0.6034,1,0.9745,0.2926,0.611,1,0.9745,0.2926,0.6807,0.9903,0.9745,0.222,0,0,0,0
Cyprus,83,Europe,eu,LR,83,0.707,91,0.692,92,0.684,92,0.684,84,0.684,100,0.671,95,0.6741,79,0.6801,79,0.6732,93,0.6567,86,0.6642,79,0.6706,76,0.6694,82,0.6522,83,0.643,0.694,0.998,0.960,0.177,0.681,0.998,0.98,0.122,0.679,0.998,0.967,0.092,0.679,0.998,0.966,0.092,0.665,0.998,0.974,0.1,0.643,0.998,0.974,0.069,0.656,0.9978,0.9738,0.069,0.6353,0.9853,0.9701,0.1298,0.6149,0.978,0.9701,0.1298,0.6175,0.9776,0.9701,0.0618,0.63,0.9879,0.9701,0.069,0.6168,0.9933,0.9657,0.1066,0.61,0.9954,0.9657,0.1066,0.6021,0.9893,0.9657,0.0517,0.562,0.989,0.969,0.052
Czech Republic,78,Europe,eu,KG,78,0.711,78,0.706,82,0.693,88,0.688,77,0.69,81,0.687,96,0.6737,83,0.677,73,0.6767,75,0.6789,65,0.685,74,0.6789,69,0.677,64,0.6718,53,0.6712,0.662,1.000,0.978,0.203,0.657,1,0.979,0.189,0.651,1,0.98,0.14,0.643,1,0.98,0.13,0.647,1,0.979,0.134,0.636,1,0.979,0.134,0.6216,1,0.9791,0.094,0.6039,1,0.9788,0.1254,0.6026,1,0.9788,0.1254,0.5961,1,0.9792,0.1403,0.6205,1,0.9792,0.1403,0.6443,1,0.9791,0.0921,0.6366,1,0.9791,0.0921,0.6295,0.9908,0.9791,0.0877,0.627,0.991,0.979,0.088
Denmark,29,Europe,eu,CA,29,0.768,14,0.782,13,0.778,14,0.776,19,0.754,14,0.767,5,0.8025,8,0.7779,7,0.7777,7,0.7778,7,0.7719,7,0.7628,7,0.7538,8,0.7519,8,0.7462,0.736,1.000,0.964,0.371,0.735,1,0.979,0.421,0.734,1,0.971,0.406,0.728,1,0.971,0.406,0.735,1,0.97,0.309,0.788,1,0.97,0.309,0.8053,1,0.9741,0.4306,0.7639,1,0.9739,0.3738,0.7724,1,0.9739,0.3645,0.7672,1,0.9743,0.3696,0.7438,1,0.9743,0.3695,0.7477,1,0.9696,0.334,0.7116,1,0.9696,0.334,0.7336,1,0.9696,0.3045,0.708,1.000,0.972,0.305
Dominican Republic,89,South/Latin America,samer,MV,89,0.699,86,0.7,74,0.701,70,0.697,97,0.676,86,0.686,78,0.6906,72,0.6867,89,0.6659,81,0.6682,73,0.6774,67,0.6859,72,0.6744,65,0.6705,59,0.6639,0.646,1.000,0.980,0.172,0.66,0.998,0.979,0.163,0.65,0.997,0.98,0.179,0.638,0.991,0.98,0.179,0.658,0.989,0.971,0.085,0.648,0.984,0.971,0.14,0.6794,0.9842,0.9706,0.1283,0.6751,0.9822,0.9711,0.1184,0.6052,0.9688,0.9711,0.1184,0.5969,1,0.9711,0.1049,0.6516,1,0.9711,0.087,0.647,1,0.9796,0.1172,0.6008,1,0.9796,0.1172,0.5851,1,0.9796,0.1172,0.559,1.000,0.980,0.117
Ecuador,42,South/Latin America,samer,DK,42,0.739,48,0.729,41,0.729,42,0.724,40,0.726,33,0.738,21,0.7455,25,0.7389,33,0.7206,45,0.7035,40,0.7072,23,0.722,35,0.7091,44,0.6881,82,0.6433,0.675,0.997,0.968,0.318,0.68,0.997,0.979,0.26,0.657,0.996,0.978,0.283,0.642,0.996,0.977,0.283,0.631,0.996,0.98,0.297,0.677,0.996,0.98,0.297,0.7154,0.9956,0.9796,0.2914,0.6253,0.9942,0.9758,0.3604,0.5997,0.9942,0.9758,0.3126,0.5838,0.9877,0.9758,0.2668,0.5985,0.9879,0.9758,0.2665,0.6302,0.9955,0.9796,0.2826,0.6234,0.9953,0.9796,0.2381,0.6344,0.9939,0.9796,0.1446,0.499,0.994,0.980,0.100
Egypt,129,Middle east,me,SI,129,0.639,134,0.629,135,0.614,134,0.608,132,0.614,136,0.599,129,0.6064,125,0.5935,126,0.5975,123,0.5933,125,0.5899,126,0.5862,124,0.5832,120,0.5809,109,0.5786,0.421,0.973,0.968,0.196,0.438,0.973,0.979,0.133,0.421,0.975,0.974,0.087,0.413,0.96,0.971,0.087,0.444,0.952,0.971,0.087,0.441,0.935,0.971,0.048,0.4609,0.9467,0.9765,0.0413,0.4426,0.9199,0.9768,0.0348,0.4536,0.9248,0.9768,0.0348,0.4573,0.9081,0.9768,0.0311,0.453,0.8987,0.9768,0.0311,0.4498,0.9004,0.9717,0.0227,0.4367,0.9018,0.9717,0.0227,0.421,0.9091,0.9717,0.0218,0.416,0.903,0.974,0.022
El Salvador,43,South/Latin America,samer,DO,43,0.738,80,0.706,87,0.69,62,0.705,64,0.702,62,0.706,84,0.6863,96,0.6609,94,0.663,94,0.6567,90,0.6596,55,0.6939,58,0.6875,48,0.6853,39,0.6837,0.634,0.992,0.980,0.347,0.59,0.992,0.979,0.262,0.582,0.992,0.98,0.206,0.634,0.992,0.98,0.214,0.623,0.991,0.98,0.214,0.639,0.991,0.98,0.214,0.6415,0.9884,0.9796,0.1358,0.5345,0.9886,0.9796,0.1409,0.5427,0.9889,0.9796,0.1409,0.5405,0.9891,0.9796,0.1176,0.5534,0.9876,0.9796,0.1178,0.5787,0.9875,0.9796,0.23,0.5632,0.988,0.9796,0.2194,0.5762,0.9884,0.9796,0.197,0.570,0.988,0.980,0.197
Estonia,46,Europe,eu,SV,46,0.733,26,0.751,33,0.734,37,0.731,22,0.747,21,0.749,62,0.7017,59,0.6997,60,0.6977,52,0.6983,47,0.7018,37,0.7094,37,0.7076,30,0.7008,29,0.6944,0.754,1.000,0.975,0.201,0.736,1,0.979,0.294,0.729,1,0.979,0.228,0.726,1,0.979,0.218,0.703,0.995,0.98,0.308,0.711,0.999,0.98,0.308,0.7055,1,0.9791,0.1221,0.7228,0.9931,0.9791,0.1038,0.7193,0.9936,0.9791,0.0989,0.7201,0.9967,0.9773,0.0989,0.7193,0.9967,0.9773,0.1138,0.705,0.9979,0.9791,0.1555,0.7004,0.9954,0.9791,0.1555,0.6935,0.9992,0.9791,0.1313,0.682,0.999,0.979,0.117
Eswatini,52,Africa,afr,FR,52,0.729,83,0.703,80,0.694,0,0,0,0,0,0,0,0,0,0,0,0,0,0,0,0,0,0,0,0,0,0,0,0,0.797,0.992,0.980,0.147,0,0,0,0,0.694,0.989,0.98,0.112,0.726,1,0.979,0.218,0,0,0,0,0,0,0,0,0,0,0,0,0,0,0,0,0,0,0,0,0,0,0,0,0,0,0,0,0,0,0,0,0,0,0,0,0,0,0,0,0.621,0.960,0.948,0.111
Ethiopia,97,Africa,afr,ME,97,0.691,82,0.705,117,0.656,115,0.656,109,0.662,124,0.64,127,0.6144,118,0.6198,118,0.62,116,0.6136,121,0.6019,122,0.5948,122,0.5867,113,0.5991,100,0.5946,0.560,0.850,0.971,0.382,0.568,0.85,0.979,0.427,0.606,0.819,0.976,0.223,0.604,0.819,0.979,0.223,0.599,0.84,0.978,0.231,0.608,0.741,0.978,0.232,0.6177,0.7113,0.9725,0.1563,0.6148,0.7451,0.9737,0.1457,0.6219,0.7386,0.9737,0.1457,0.6373,0.7043,0.9737,0.139,0.6316,0.7003,0.9737,0.1021,0.5975,0.7001,0.9686,0.1129,0.5654,0.7001,0.9686,0.1129,0.5852,0.7403,0.9686,0.1023,0.568,0.739,0.969,0.102
Fiji,113,Asia & Pacific,asia,PG,113,0.674,103,0.678,106,0.669,125,0.638,0,0,121,0.645,122,0.6286,117,0.6286,113,0.6285,109,0.6255,108,0.6256,103,0.6414,0,0,0,0,0,0,0.568,0.997,0.972,0.160,0.584,0.997,0.979,0.15,0.603,0.991,0.979,0.104,0.604,0.819,0.979,0.223,0,0,0,0,0.512,0.992,0.98,0.097,0.5065,0.9925,0.9796,0.0358,0.4975,0.9925,0.9796,0.0448,0.4974,0.9925,0.9796,0.0448,0.4972,0.9893,0.9796,0.0358,0.4983,0.9889,0.9796,0.0358,0.5343,0.991,0.9796,0.0608,0,0,0,0,0,0,0,0,0,0,0,0
Finland,2,Europe,eu,AL,2,0.861,3,0.832,4,0.821,3,0.823,2,0.845,3,0.85,2,0.8453,2,0.8421,2,0.8451,3,0.8383,3,0.826,2,0.8252,2,0.8195,3,0.8044,3,0.7958,0.806,1.000,0.970,0.669,0.788,1,0.978,0.563,0.786,1,0.977,0.519,0.793,1,0.978,0.519,0.794,1,0.98,0.607,0.815,1,0.98,0.607,0.7859,1,0.9789,0.6162,0.7727,1,0.9796,0.6162,0.7847,1,0.9796,0.6162,0.7681,0.9995,0.9796,0.606,0.7566,0.9993,0.9796,0.5686,0.7504,1,0.9796,0.5709,0.7408,1,0.9796,0.5577,0.7225,0.9992,0.9796,0.5165,0.734,0.999,0.980,0.470
France,16,Europe,eu,BZ,16,0.784,15,0.781,12,0.779,11,0.778,17,0.755,15,0.761,16,0.7588,45,0.7089,57,0.6984,48,0.7018,46,0.7025,18,0.7331,15,0.7341,51,0.6824,70,0.652,0.710,1.000,0.970,0.457,0.691,1,0.978,0.459,0.685,1,0.974,0.458,0.683,1,0.977,0.453,0.676,1,0.98,0.365,0.699,1,0.98,0.365,0.7036,1,0.9796,0.352,0.669,1,0.9796,0.187,0.6687,1,0.9796,0.1452,0.6587,1,0.9796,0.1691,0.661,1,0.9796,0.1695,0.6591,1,0.9796,0.2939,0.6631,1,0.9796,0.2939,0.646,1,0.9796,0.104,0.525,1.000,0.980,0.104
Gambia,127,Africa,afr,SG,127,0.644,136,0.628,120,0.642,119,0.649,104,0.667,98,0.674,0,0,0,0,0,0,0,0,0,0,0,0,0,0,0,0,0,0,0.607,0.891,0.968,0.112,0.584,0.891,0.978,0.067,0.598,0.896,0.97,0.106,0.683,1,0.977,0.453,0.685,0.913,0.973,0.098,0.697,0.926,0.973,0.098,0,0,0,0,0,0,0,0,0.7716,0.7634,0.9796,0.1375,0.7561,0.832,0.9796,0.1375,0.7588,0.8288,0.9796,0.1377,0.7412,0.8528,0.9796,0.1272,0.7063,0.8355,0.9796,0.1272,0.6866,0.8084,0.9796,0.0939,0.688,0.809,0.974,0.109
Georgia,49,Europe,eu,ET,49,0.732,74,0.708,99,0.677,94,0.679,90,0.681,82,0.687,85,0.6855,86,0.675,85,0.6691,86,0.6624,88,0.6598,83,0.668,82,0.6654,67,0.6665,54,0.67,0.705,1.000,0.977,0.245,0.701,1,0.978,0.154,0.654,0.996,0.967,0.093,0.669,0.989,0.967,0.093,0.679,0.989,0.967,0.089,0.692,1,0.967,0.089,0.6751,0.9887,0.967,0.1111,0.6741,0.979,0.9553,0.0915,0.6766,0.979,0.9497,0.0711,0.6725,0.99,0.948,0.039,0.6751,0.9813,0.9441,0.0388,0.6753,0.9855,0.9386,0.0726,0.635,1,0.9386,0.0881,0.6304,0.9982,0.9332,0.1042,0.656,0.997,0.923,0.104
Germany,11,Europe,eu,BH,11,0.796,10,0.787,14,0.776,12,0.778,13,0.766,11,0.779,12,0.778,14,0.7583,13,0.7629,11,0.759,13,0.753,12,0.7449,11,0.7394,7,0.7618,5,0.7524,0.706,0.997,0.972,0.509,0.723,0.972,0.978,0.477,0.734,0.976,0.973,0.418,0.72,0.97,0.975,0.447,0.691,0.966,0.979,0.428,0.737,0.987,0.979,0.413,0.7388,0.9995,0.9739,0.3998,0.712,0.9818,0.978,0.3611,0.7399,0.9848,0.978,0.3488,0.727,0.9942,0.9784,0.3364,0.7138,0.9945,0.9784,0.3251,0.6956,0.9953,0.9783,0.3105,0.6877,0.9954,0.9783,0.2962,0.6997,0.9954,0.9783,0.3738,0.669,0.995,0.979,0.366
Ghana,117,Africa,afr,PL,117,0.666,107,0.673,89,0.688,72,0.695,59,0.705,63,0.704,101,0.6661,76,0.6811,71,0.6778,70,0.6811,70,0.6782,80,0.6704,77,0.6679,63,0.6725,58,0.6653,0.598,0.951,0.978,0.135,0.642,0.951,0.978,0.129,0.753,0.935,0.968,0.097,0.784,0.931,0.968,0.097,0.805,0.931,0.973,0.112,0.808,0.924,0.973,0.112,0.6772,0.9104,0.9669,0.1097,0.7662,0.897,0.9674,0.0937,0.7543,0.9055,0.9674,0.0839,0.7581,0.9027,0.9674,0.0962,0.7577,0.8915,0.9674,0.0961,0.7548,0.886,0.9674,0.0733,0.7445,0.8749,0.9674,0.0847,0.7806,0.8711,0.9674,0.071,0.753,0.868,0.969,0.071
Greece,98,Europe,eu,MA,98,0.689,84,0.701,78,0.696,78,0.692,92,0.68,87,0.685,91,0.6784,81,0.6782,82,0.6716,56,0.6916,58,0.6908,85,0.6662,75,0.6727,72,0.6648,69,0.654,0.672,0.994,0.966,0.123,0.675,0.993,0.977,0.164,0.684,0.992,0.971,0.138,0.67,0.991,0.973,0.136,0.649,0.987,0.979,0.104,0.644,0.996,0.979,0.12,0.6434,0.9954,0.9785,0.0961,0.647,0.9953,0.9737,0.0969,0.6329,0.994,0.9737,0.0858,0.6242,0.9938,0.9712,0.1772,0.6209,0.9935,0.9712,0.1773,0.6067,0.9934,0.9785,0.0863,0.6314,0.9944,0.9785,0.0863,0.6302,0.9894,0.9785,0.0609,0.585,0.992,0.978,0.061
Guatemala,122,South/Latin America,samer,RW,122,0.655,113,0.666,107,0.668,110,0.667,105,0.666,106,0.667,89,0.6821,114,0.6304,116,0.626,112,0.6229,109,0.6238,111,0.6209,112,0.6072,106,0.6144,95,0.6067,0.560,0.969,0.979,0.112,0.623,0.969,0.977,0.092,0.623,0.968,0.98,0.102,0.626,0.962,0.98,0.102,0.613,0.96,0.98,0.112,0.627,0.953,0.98,0.109,0.6622,0.9492,0.9796,0.1374,0.5422,0.9522,0.9796,0.0475,0.5259,0.9511,0.9796,0.0475,0.5236,0.946,0.9796,0.0422,0.528,0.9453,0.9796,0.0423,0.5061,0.9382,0.9796,0.0599,0.4746,0.9148,0.9796,0.0599,0.4715,0.8966,0.9796,0.1101,0.443,0.895,0.980,0.110
Guinea,118,Africa,afr,PT,118,0.66,125,0.642,116,0.656,113,0.659,122,0.64,131,0.618,0,0,0,0,0,0,0,0,0,0,0,0,0,0,0,0,0,0,0.839,0.680,0.966,0.157,0.803,0.68,0.977,0.125,0.82,0.682,0.962,0.162,0.813,0.699,0.964,0.162,0.745,0.718,0.967,0.13,0.666,0.707,0.967,0.13,0.6561,0.6489,0.9674,0.1296,0,0,0,0,0,0,0,0,0,0,0,0,0,0,0,0,0,0,0,0,0,0,0,0,0,0,0,0,0,0,0,0
Guyana,53,South/Latin America,samer,GM,53,0.728,0,0,0,0,0,0,0,0,66,0.702,64,0.701,48,0.7085,42,0.7119,38,0.7084,38,0.709,35,0.7108,0,0,0,0,0,0,0.638,0.984,0.980,0.310,0,0,0,0,0,0,0,0,0.813,0.699,0.964,0.162,0,0,0,0,0.569,1,0.98,0.261,0.5652,1,0.9796,0.2591,0.5885,1,0.9789,0.2668,0.6029,0.999,0.9789,0.2668,0.5985,0.9886,0.9789,0.2678,0.5915,0.998,0.9789,0.2674,0.6134,0.9969,0.9796,0.2535,0,0,0,0,0,0,0,0,0,0,0,0
Honduras,67,South/Latin America,samer,IQ,67,0.716,58,0.722,68,0.706,55,0.711,78,0.69,80,0.688,73,0.6935,82,0.6773,74,0.6763,54,0.6945,54,0.6927,62,0.6893,47,0.696,68,0.6661,74,0.6483,0.721,1.000,0.964,0.179,0.713,1,0.977,0.199,0.673,1,0.977,0.176,0.669,1,0.974,0.2,0.623,1,0.976,0.16,0.617,1,0.976,0.16,0.6391,0.9981,0.976,0.1606,0.6061,0.9988,0.9762,0.128,0.6009,0.9999,0.9762,0.128,0.5972,0.9991,0.9762,0.2053,0.5904,0.9991,0.9762,0.2052,0.6048,1,0.9796,0.1727,0.6338,1,0.9796,0.1707,0.5488,1,0.9796,0.1359,0.478,1.000,0.980,0.136
Hungary,99,Europe,eu,MZ,99,0.688,105,0.677,102,0.674,103,0.67,101,0.669,99,0.672,93,0.6759,87,0.6742,81,0.6718,85,0.6642,79,0.672,65,0.6879,60,0.6867,61,0.6731,55,0.6698,0.669,0.993,0.980,0.112,0.672,0.993,0.977,0.065,0.68,0.994,0.979,0.045,0.675,0.992,0.979,0.035,0.672,0.992,0.979,0.035,0.685,0.991,0.979,0.035,0.6683,0.9924,0.9791,0.0636,0.6677,0.9925,0.9791,0.0574,0.6591,0.9915,0.9791,0.0574,0.6537,0.9926,0.9796,0.031,0.6894,0.99,0.9779,0.0309,0.6738,0.9924,0.9791,0.1061,0.6687,0.9928,0.9791,0.1061,0.653,0.9913,0.9791,0.069,0.640,0.991,0.979,0.069
Iceland,1,Europe,eu,AF,1,0.892,1,0.877,1,0.858,1,0.878,1,0.874,1,0.881,83,0.8594,1,0.8731,1,0.864,1,0.853,1,0.8496,1,0.8276,4,0.7999,4,0.7836,4,0.7813,0.846,0.999,0.964,0.760,0.839,0.999,0.977,0.701,0.793,0.999,0.968,0.674,0.798,0.995,0.969,0.75,0.806,1,0.97,0.719,0.836,1,0.97,0.719,0.8169,1,0.9654,0.6554,0.7684,1,0.9696,0.7544,0.754,1,0.9696,0.7325,0.7453,1,0.9696,0.6971,0.754,1,0.9696,0.6748,0.7502,1,0.9697,0.5905,0.7323,0.9934,0.9697,0.5044,0.7213,0.9874,0.9697,0.456,0.711,0.991,0.968,0.456
India,140,Asia & Pacific,asia,TL,140,0.625,112,0.668,108,0.665,108,0.669,87,0.683,108,0.664,114,0.6455,101,0.6551,105,0.6442,113,0.619,112,0.6155,114,0.6151,113,0.606,114,0.5936,98,0.6011,0.326,0.962,0.937,0.276,0.354,0.962,0.977,0.411,0.385,0.953,0.94,0.382,0.376,0.952,0.942,0.407,0.408,0.95,0.942,0.433,0.383,0.896,0.942,0.433,0.4096,0.8503,0.9366,0.3855,0.4465,0.8574,0.9312,0.3852,0.4588,0.8525,0.9312,0.3343,0.396,0.8369,0.9312,0.3119,0.4025,0.8369,0.9312,0.2913,0.4125,0.8434,0.9315,0.2731,0.399,0.8452,0.9315,0.2484,0.3977,0.8188,0.9315,0.2266,0.397,0.819,0.962,0.227
Indonesia,101,Asia & Pacific,asia,,101,0.688,85,0.7,85,0.691,84,0.691,88,0.682,92,0.681,97,0.6725,95,0.6613,97,0.6591,90,0.6594,87,0.6615,92,0.658,93,0.6473,81,0.655,68,0.6541,0.647,0.970,0.971,0.164,0.685,0.97,0.977,0.172,0.629,0.967,0.974,0.193,0.61,0.986,0.976,0.193,0.598,0.987,0.976,0.168,0.593,0.986,0.976,0.168,0.5984,0.989,0.9762,0.1262,0.5881,0.9574,0.9663,0.1334,0.565,0.9734,0.9663,0.1316,0.5642,0.9671,0.9663,0.14,0.575,0.964,0.9663,0.1407,0.5722,0.9656,0.9719,0.1224,0.5714,0.9445,0.9719,0.1014,0.5986,0.9488,0.9719,0.1007,0.598,0.949,0.969,0.101
Iran,150,Middle east,me,UY,150,0.582,148,0.584,142,0.589,140,0.583,139,0.587,141,0.58,137,0.5811,130,0.5842,127,0.5927,125,0.5894,123,0.5933,128,0.5839,116,0.6021,118,0.5903,108,0.5803,0.375,0.953,0.963,0.036,0.381,0.953,0.976,0.037,0.376,0.969,0.966,0.046,0.61,0.986,0.976,0.193,0.357,0.975,0.971,0.047,0.357,0.954,0.971,0.037,0.3589,0.9574,0.9709,0.0374,0.3655,0.9653,0.9714,0.0346,0.4116,0.953,0.9714,0.0346,0.4443,0.9251,0.9714,0.0166,0.4257,0.9594,0.9714,0.0165,0.3768,0.964,0.9776,0.0172,0.4485,0.965,0.9776,0.0172,0.3952,0.9575,0.9776,0.031,0.359,0.954,0.978,0.031
Iraq,154,Middle east,me,YE,154,0.535,152,0.53,147,0.551,0,0,0,0,0,0,0,0,0,0,0,0,0,0,0,0,0,0,0,0,0,0,0,0,0.228,0.807,0.968,0.136,0.227,0.812,0.976,0.105,0.264,0.829,0.975,0.135,0.357,0.965,0.963,0.046,0,0,0,0,0,0,0,0,0,0,0,0,0,0,0,0,0,0,0,0,0,0,0,0,0,0,0,0,0,0,0,0,0,0,0,0,0,0,0,0,0,0,0,0
Ireland,9,Europe,eu,AZ,9,0.8,7,0.798,9,0.796,8,0.794,6,0.797,5,0.807,8,0.785,6,0.7823,5,0.7839,5,0.783,6,0.7773,8,0.7597,8,0.7518,9,0.7457,10,0.7335,0.733,0.998,0.964,0.504,0.732,0.998,0.976,0.493,0.725,0.996,0.97,0.493,0.71,1,0.971,0.493,0.709,1,0.979,0.502,0.777,0.998,0.979,0.474,0.7543,0.9979,0.9739,0.414,0.745,0.9988,0.9737,0.4115,0.7514,0.9988,0.9737,0.4115,0.7322,1,0.9741,0.4257,0.7409,1,0.97,0.3985,0.6918,1,0.9727,0.3742,0.6811,1,0.9727,0.3535,0.667,1,0.9727,0.3431,0.640,1.000,0.970,0.323
Israel,60,Europe,eu,GY,60,0.724,64,0.718,46,0.722,44,0.721,49,0.719,53,0.712,65,0.7005,53,0.7032,56,0.6989,55,0.6926,52,0.6957,45,0.7019,56,0.69,36,0.6965,35,0.6889,0.705,1.000,0.964,0.227,0.688,1,0.976,0.214,0.684,1,0.971,0.232,0.681,1,0.971,0.232,0.678,1,0.974,0.224,0.671,0.996,0.974,0.205,0.6392,0.9964,0.9698,0.1965,0.6915,0.9874,0.9697,0.1643,0.6824,0.9874,0.9697,0.1559,0.6721,0.9874,0.9697,0.1412,0.6883,0.9874,0.9697,0.1375,0.693,0.995,0.9699,0.1496,0.6589,0.9961,0.9699,0.1351,0.6707,0.9951,0.9699,0.1501,0.641,0.995,0.969,0.150
Italy,63,Europe,eu,IS,63,0.721,76,0.707,70,0.706,82,0.692,50,0.719,41,0.726,69,0.6973,71,0.6885,80,0.6729,74,0.6796,74,0.6765,72,0.6798,67,0.6788,84,0.6498,77,0.6456,0.609,0.997,0.965,0.313,0.595,0.997,0.976,0.267,0.592,0.995,0.969,0.267,0.571,0.995,0.967,0.234,0.574,0.995,0.974,0.331,0.603,0.995,0.974,0.331,0.5738,0.9939,0.9737,0.2479,0.5973,0.9924,0.9733,0.1912,0.5913,0.9923,0.9733,0.1348,0.5976,0.9945,0.9738,0.1525,0.5893,0.9948,0.9697,0.1523,0.5898,0.9955,0.9719,0.1619,0.5872,0.9957,0.9719,0.1604,0.5432,0.9969,0.9719,0.0872,0.527,0.997,0.972,0.087
Jamaica,40,South/Latin America,samer,CY,40,0.741,41,0.735,44,0.724,51,0.717,42,0.724,65,0.703,52,0.7128,47,0.7085,51,0.7035,47,0.7028,44,0.7037,48,0.7013,44,0.698,39,0.6925,25,0.7014,0.768,1.000,0.968,0.230,0.767,1,0.976,0.197,0.747,1,0.976,0.171,0.725,1,0.972,0.171,0.733,1,0.98,0.183,0.678,0.998,0.98,0.155,0.7284,0.9984,0.9796,0.1447,0.7317,0.9884,0.9796,0.1345,0.7214,0.9884,0.9796,0.1247,0.7508,0.9849,0.9796,0.0961,0.7535,0.9849,0.9796,0.0967,0.7429,1,0.9707,0.0913,0.7301,1,0.9707,0.0913,0.7009,1,0.9707,0.0983,0.738,1.000,0.970,0.098
Japan,120,Asia & Pacific,asia,RO,120,0.656,121,0.652,110,0.662,114,0.657,111,0.66,101,0.67,104,0.6584,105,0.6498,101,0.653,98,0.6514,94,0.6524,101,0.6447,98,0.6434,91,0.6455,80,0.6447,0.604,0.983,0.973,0.061,0.598,0.983,0.976,0.049,0.595,0.994,0.979,0.081,0.58,0.991,0.98,0.078,0.569,0.99,0.979,0.103,0.611,0.988,0.979,0.103,0.6182,0.9781,0.9791,0.0583,0.5841,0.9757,0.9791,0.0603,0.5756,0.9869,0.9791,0.0705,0.5673,0.9862,0.9796,0.0724,0.5718,0.986,0.9796,0.0722,0.5488,0.9851,0.9791,0.0651,0.544,0.9854,0.9791,0.0651,0.5489,0.9864,0.9791,0.0675,0.545,0.986,0.980,0.067
Jordan,131,Middle east,me,ES,131,0.638,138,0.623,138,0.605,135,0.604,134,0.603,140,0.593,134,0.5968,119,0.6093,121,0.6103,117,0.6117,120,0.6048,113,0.6182,104,0.6275,104,0.6203,93,0.6109,0.538,0.991,0.957,0.066,0.408,0.991,0.976,0.121,0.375,0.998,0.971,0.075,0.377,0.996,0.969,0.075,0.381,0.993,0.966,0.073,0.35,0.983,0.966,0.073,0.358,0.9906,0.9655,0.0731,0.4145,0.9915,0.9706,0.0607,0.4296,0.9859,0.9706,0.0552,0.4333,0.9869,0.9706,0.0558,0.4225,0.9869,0.9706,0.0394,0.4524,0.9852,0.971,0.0642,0.4889,0.986,0.971,0.0642,0.4832,0.9793,0.971,0.0476,0.442,0.979,0.975,0.048
Kazakhstan,80,Asia & Pacific,asia,LV,80,0.71,72,0.71,60,0.712,52,0.713,51,0.718,47,0.719,43,0.721,32,0.7218,31,0.7213,49,0.701,41,0.7055,47,0.7013,45,0.6976,32,0.6983,32,0.6928,0.728,0.995,0.975,0.141,0.742,0.995,0.976,0.13,0.741,1,0.979,0.13,0.744,0.997,0.979,0.13,0.745,0.995,0.98,0.153,0.749,1,0.98,0.148,0.7414,0.9966,0.9796,0.1662,0.7706,0.9913,0.9796,0.1458,0.7675,0.9923,0.9796,0.1458,0.7491,0.9954,0.9796,0.0801,0.7633,0.9994,0.9796,0.0799,0.7566,0.9962,0.9791,0.0731,0.7413,0.9968,0.9791,0.0731,0.7366,0.9885,0.9791,0.0888,0.713,0.990,0.979,0.089
Kenya,95,Africa,afr,MD,95,0.692,109,0.671,76,0.7,76,0.694,63,0.702,48,0.719,37,0.7258,78,0.6803,72,0.6768,99,0.6493,96,0.6499,97,0.6512,88,0.6547,83,0.6508,73,0.6486,0.672,0.929,0.975,0.193,0.598,0.938,0.976,0.169,0.734,0.929,0.98,0.159,0.72,0.929,0.98,0.147,0.71,0.943,0.973,0.182,0.778,0.942,0.973,0.182,0.8104,0.9229,0.973,0.1969,0.7146,0.923,0.9677,0.1157,0.7243,0.9368,0.9677,0.0786,0.6159,0.9362,0.9677,0.0773,0.6151,0.9396,0.9677,0.0774,0.6832,0.9089,0.9681,0.0447,0.6928,0.9261,0.9681,0.0319,0.6488,0.9337,0.9681,0.0528,0.657,0.918,0.966,0.053
Korea,102,Asia & Pacific,asia,NP,102,0.687,108,0.672,115,0.657,118,0.65,116,0.649,115,0.651,117,0.6403,111,0.6351,108,0.6356,107,0.6281,104,0.6342,115,0.6146,108,0.6154,97,0.6409,92,0.6157,0.586,0.973,0.976,0.214,0.555,0.973,0.975,0.179,0.549,0.973,0.973,0.134,0.72,0.929,0.98,0.147,0.537,0.964,0.973,0.12,0.557,0.965,0.973,0.107,0.5116,0.9648,0.973,0.1117,0.5036,0.9592,0.973,0.1046,0.5088,0.9592,0.973,0.1015,0.4934,0.9481,0.9736,0.0972,0.5203,0.9466,0.973,0.0969,0.5204,0.8936,0.973,0.0714,0.4867,0.9366,0.967,0.0714,0.5803,0.9488,0.967,0.0673,0.481,0.948,0.967,0.067
Kuwait,143,Middle east,me,TN,143,0.621,122,0.65,126,0.63,129,0.628,128,0.624,117,0.646,113,0.6457,116,0.6292,109,0.632,105,0.6322,105,0.6318,105,0.6356,101,0.6358,96,0.6409,86,0.6341,0.498,0.997,0.968,0.022,0.589,0.997,0.975,0.053,0.541,0.992,0.961,0.027,0.518,0.996,0.969,0.027,0.52,0.997,0.957,0.022,0.615,0.991,0.957,0.022,0.6083,0.9905,0.9567,0.0275,0.5252,0.9936,0.9612,0.037,0.5567,0.9936,0.9612,0.0165,0.5407,0.9834,0.9612,0.0435,0.5369,0.9858,0.9612,0.0435,0.5571,0.9807,0.9612,0.0435,0.5697,0.99,0.9612,0.0224,0.6036,0.9888,0.9612,0.0099,0.577,0.993,0.961,0.005
Kyrgyz Republic,108,Asia & Pacific,asia,MK,108,0.681,93,0.689,86,0.691,85,0.691,81,0.687,76,0.693,67,0.6974,63,0.6948,54,0.7013,44,0.7036,51,0.6973,41,0.7058,41,0.7045,70,0.6653,52,0.6742,0.646,0.990,0.980,0.108,0.654,0.99,0.975,0.13,0.662,0.991,0.98,0.13,0.664,0.99,0.98,0.13,0.651,0.991,0.973,0.132,0.658,0.989,0.973,0.153,0.6801,0.986,0.973,0.1506,0.6789,0.9888,0.973,0.1383,0.7039,0.99,0.973,0.1383,0.7071,0.996,0.9796,0.1318,0.6796,0.9953,0.9796,0.1347,0.6866,0.9936,0.9796,0.1636,0.6816,0.9933,0.9796,0.1636,0.6529,0.9936,0.9796,0.0353,0.687,0.995,0.980,0.035
Lao PDR,36,Asia & Pacific,asia,CR,36,0.75,43,0.731,26,0.748,64,0.703,43,0.724,52,0.713,60,0.7044,60,0.6993,0,0,0,0,0,0,0,0,0,0,0,0,0,0,0.915,0.965,0.975,0.146,0.839,0.965,0.975,0.15,0.915,0.968,0.971,0.137,0.769,0.933,0.974,0.137,0.832,0.944,0.972,0.146,0.811,0.935,0.972,0.132,0.8016,0.9084,0.9721,0.1355,0.7999,0.8948,0.9669,0.1355,0,0,0,0,0,0,0,0,0,0,0,0,0,0,0,0,0,0,0,0,0,0,0,0,0,0,0,0
Latvia,20,Europe,eu,BA,20,0.778,11,0.785,17,0.758,20,0.756,18,0.755,20,0.752,15,0.7691,12,0.761,15,0.7572,19,0.7399,18,0.7429,14,0.7416,10,0.7397,13,0.7333,19,0.7091,0.822,1.000,0.976,0.313,0.81,1,0.975,0.355,0.807,1,0.98,0.246,0.798,1,0.98,0.246,0.785,1,0.98,0.255,0.784,1,0.98,0.246,0.7931,1,0.9796,0.3038,0.7767,1,0.9796,0.2875,0.7618,1,0.9796,0.2875,0.7498,1,0.9796,0.23,0.7516,1,0.9796,0.2404,0.7535,1,0.9796,0.2332,0.7458,1,0.9796,0.2332,0.7344,0.986,0.9796,0.233,0.705,0.931,0.980,0.221
Lebanon,132,Middle east,me,LK,132,0.638,145,0.599,140,0.595,137,0.596,135,0.598,138,0.598,135,0.5923,123,0.6028,122,0.603,118,0.6083,116,0.6084,0,0,0,0,0,0,0,0,0.487,0.964,0.970,0.129,0.442,0.964,0.974,0.024,0.432,0.959,0.967,0.024,0.44,0.956,0.97,0.019,0.44,0.959,0.97,0.021,0.439,0.963,0.97,0.021,0.4321,0.9523,0.9747,0.01,0.442,0.9796,0.9796,0.0099,0.4425,0.9802,0.9796,0.0099,0.4482,0.9773,0.9796,0.0282,0.4483,0.9773,0.9796,0.0283,0,0,0,0,0,0,0,0,0,0,0,0,0,0,0,0
Lesotho,92,Africa,afr,MR,92,0.698,88,0.695,81,0.693,73,0.695,57,0.706,61,0.706,38,0.7255,16,0.753,14,0.7608,9,0.7666,8,0.7678,10,0.7495,16,0.732,26,0.7078,43,0.6807,0.647,1.000,0.980,0.165,0.662,1,0.974,0.137,0.65,1,0.98,0.143,0.655,1,0.979,0.147,0.672,1,0.98,0.172,0.672,1,0.98,0.172,0.7449,1,0.9758,0.1813,0.7756,1,0.9796,0.257,0.8163,1,0.9796,0.2474,0.874,1,0.9796,0.213,0.8789,1,0.9796,0.2128,0.8013,1,0.9796,0.2173,0.7311,1,0.9796,0.2173,0.6612,1,0.9796,0.1903,0.607,1.000,0.980,0.136
Liberia,94,Africa,afr,MX,94,0.693,97,0.685,96,0.681,107,0.669,114,0.652,112,0.652,0,0,0,0,0,0,0,0,0,0,0,0,0,0,0,0,0,0,0.717,0.839,0.962,0.255,0.714,0.839,0.974,0.218,0.729,0.792,0.968,0.236,0.695,0.772,0.973,0.236,0.612,0.797,0.967,0.23,0.62,0.806,0.967,0.216,0.6366,0.7744,0.9671,0.2062,0,0,0,0,0,0,0,0,0,0,0,0,0,0,0,0,0,0,0,0,0,0,0,0,0,0,0,0,0,0,0,0
Lithuania,8,Europe,eu,AT,8,0.804,33,0.745,24,0.749,28,0.742,25,0.744,31,0.74,44,0.7208,28,0.7308,34,0.7191,37,0.7131,35,0.7132,30,0.7175,23,0.7222,14,0.7234,21,0.7077,0.808,0.998,0.980,0.429,0.795,0.998,0.974,0.207,0.765,0.997,0.98,0.254,0.749,1,0.98,0.241,0.757,1,0.979,0.239,0.759,0.994,0.979,0.227,0.7384,0.9942,0.9791,0.1714,0.7688,0.9928,0.9791,0.1826,0.7551,0.9954,0.9791,0.1469,0.744,0.9914,0.9796,0.1376,0.7555,0.9894,0.9796,0.1283,0.7481,0.9946,0.9791,0.1483,0.7421,0.9949,0.9791,0.1726,0.7612,0.9979,0.9791,0.1553,0.713,0.998,0.979,0.140
Luxembourg,55,Europe,eu,DE,55,0.726,51,0.725,61,0.712,59,0.706,34,0.734,32,0.738,28,0.7333,21,0.741,17,0.7439,30,0.7216,26,0.7231,63,0.6889,66,0.6802,58,0.6786,56,0.6671,0.691,1.000,0.965,0.247,0.721,1,0.974,0.206,0.693,1,0.972,0.184,0.667,1,0.973,0.184,0.75,1,0.974,0.212,0.766,1,0.974,0.212,0.7529,1,0.9678,0.2123,0.8162,1,0.9719,0.1757,0.8147,0.996,0.9719,0.1931,0.7449,1,0.9743,0.1673,0.7507,1,0.9743,0.1673,0.6381,1,0.973,0.1444,0.6125,1,0.973,0.1353,0.606,1,0.973,0.1353,0.560,1.000,0.973,0.135
Madagascar,57,Africa,afr,GR,57,0.725,62,0.719,84,0.691,80,0.692,60,0.704,74,0.698,41,0.7214,56,0.7016,58,0.6982,71,0.6797,80,0.6713,77,0.6732,74,0.6736,89,0.6461,84,0.6385,0.754,0.982,0.965,0.200,0.769,0.98,0.974,0.151,0.714,0.95,0.974,0.127,0.716,0.95,0.974,0.127,0.739,0.964,0.973,0.142,0.696,0.981,0.973,0.142,0.7335,0.9738,0.9725,0.2056,0.7033,0.975,0.9732,0.1547,0.692,0.9731,0.9732,0.1547,0.6781,0.972,0.9732,0.0957,0.6708,0.9591,0.9732,0.0821,0.6876,0.9584,0.9796,0.0675,0.6962,0.9566,0.9796,0.0619,0.6086,0.9579,0.9796,0.0385,0.578,0.960,0.978,0.038
Malawi,115,Africa,afr,PE,115,0.671,116,0.664,112,0.662,101,0.672,67,0.7,68,0.701,34,0.7281,39,0.7139,36,0.7166,65,0.685,68,0.6824,76,0.6738,81,0.6664,87,0.648,81,0.6437,0.624,0.915,0.980,0.164,0.6,0.915,0.974,0.162,0.609,0.908,0.98,0.152,0.654,0.908,0.974,0.152,0.799,0.915,0.973,0.113,0.809,0.91,0.973,0.113,0.8298,0.8903,0.9673,0.225,0.8253,0.8961,0.9683,0.166,0.8224,0.919,0.9683,0.1569,0.7003,0.8972,0.9683,0.174,0.6979,0.8894,0.9683,0.1742,0.6925,0.8828,0.9612,0.1586,0.6872,0.8936,0.9612,0.1235,0.6755,0.8655,0.9612,0.09,0.665,0.860,0.960,0.090
Malaysia,112,Asia & Pacific,asia,PA,112,0.676,104,0.677,101,0.676,104,0.67,106,0.666,111,0.655,107,0.652,102,0.6518,100,0.6539,97,0.6525,98,0.6479,100,0.6467,96,0.6442,92,0.6444,72,0.6509,0.638,0.994,0.972,0.102,0.639,0.989,0.973,0.108,0.656,1,0.974,0.072,0.654,0.991,0.977,0.058,0.658,0.985,0.969,0.051,0.634,0.967,0.969,0.051,0.6174,0.9693,0.9692,0.0523,0.5904,0.9907,0.973,0.053,0.5988,0.9907,0.973,0.053,0.5941,0.9906,0.9736,0.0517,0.5765,0.9899,0.9736,0.0517,0.5653,0.9891,0.9695,0.0631,0.5548,0.9895,0.9695,0.0631,0.5671,0.9853,0.9695,0.0558,0.592,0.985,0.970,0.056
Maldives,128,Asia & Pacific,asia,SK,128,0.642,123,0.646,113,0.662,106,0.669,115,0.65,113,0.652,105,0.6557,97,0.6604,95,0.6616,101,0.648,99,0.6452,99,0.6482,91,0.6501,99,0.635,0,0,0.491,1.000,0.955,0.121,0.518,1,0.973,0.111,0.622,1,0.953,0.072,0.641,1,0.963,0.072,0.59,0.988,0.966,0.055,0.589,0.998,0.966,0.055,0.5904,0.9943,0.9658,0.0723,0.5914,1,0.9612,0.089,0.5968,0.9994,0.9612,0.089,0.6019,0.9896,0.9612,0.0392,0.5907,0.9896,0.9612,0.0392,0.5788,1,0.9508,0.0631,0.5661,1,0.9508,0.0834,0.5138,1,0.9508,0.0753,0,0,0,0
Mali,149,Africa,afr,US,149,0.591,139,0.621,143,0.582,139,0.583,138,0.591,137,0.599,138,0.5779,128,0.5872,128,0.5842,132,0.5752,131,0.568,127,0.586,109,0.6117,112,0.6019,99,0.5996,0.475,0.757,0.959,0.172,0.591,0.757,0.973,0.171,0.507,0.739,0.965,0.118,0.518,0.741,0.956,0.118,0.594,0.733,0.949,0.086,0.605,0.755,0.949,0.086,0.5547,0.7264,0.9549,0.0755,0.5668,0.7291,0.9761,0.0769,0.5677,0.7094,0.9761,0.0835,0.5274,0.6927,0.9761,0.1048,0.5137,0.6794,0.9761,0.1026,0.5969,0.6684,0.9695,0.1093,0.7112,0.6567,0.9695,0.1093,0.6946,0.6521,0.9695,0.0913,0.665,0.674,0.968,0.091
Malta,84,Europe,eu,LT,84,0.703,90,0.693,91,0.686,93,0.682,108,0.664,104,0.668,99,0.6707,84,0.6761,88,0.6666,83,0.6658,83,0.6695,88,0.6635,83,0.6634,76,0.6615,71,0.6518,0.656,1.000,0.965,0.192,0.621,1,0.973,0.184,0.614,1,0.969,0.159,0.61,1,0.971,0.146,0.595,0.953,0.97,0.14,0.573,1,0.97,0.128,0.5686,1,0.9695,0.1447,0.5655,0.9935,0.9737,0.1716,0.5498,0.9936,0.9737,0.1494,0.5281,1,0.9741,0.1611,0.5428,1,0.9741,0.1611,0.5611,0.9955,0.9739,0.1237,0.5605,0.9955,0.9739,0.1237,0.5488,0.9977,0.9739,0.1256,0.510,0.998,0.974,0.126
Mauritania,146,Arab States,arab,UA,146,0.606,141,0.614,136,0.607,132,0.614,129,0.624,132,0.613,131,0.6029,132,0.581,119,0.6129,114,0.6164,113,0.6152,119,0.6103,110,0.6117,111,0.6022,106,0.5835,0.440,0.879,0.957,0.147,0.411,0.879,0.973,0.194,0.408,0.862,0.97,0.189,0.417,0.853,0.97,0.214,0.469,0.858,0.973,0.195,0.447,0.839,0.973,0.195,0.4661,0.8313,0.973,0.1413,0.3651,0.8591,0.9796,0.1201,0.4955,0.8565,0.9796,0.1201,0.4639,0.8601,0.9796,0.162,0.4668,0.8526,0.9796,0.1621,0.4908,0.8491,0.9796,0.1216,0.4894,0.8561,0.9796,0.1216,0.5046,0.8322,0.9796,0.0923,0.499,0.818,0.980,0.037
Mauritius,110,Africa,afr,OM,110,0.679,115,0.665,109,0.663,112,0.664,113,0.652,120,0.646,106,0.6541,98,0.6599,98,0.6547,95,0.6529,95,0.652,96,0.6513,95,0.6466,85,0.6487,88,0.6328,0.600,0.992,0.980,0.144,0.596,0.992,0.972,0.094,0.585,0.991,0.98,0.097,0.595,0.992,0.98,0.09,0.55,0.991,0.98,0.087,0.534,0.991,0.98,0.078,0.5507,0.9888,0.9796,0.0971,0.5735,0.9907,0.9796,0.0959,0.5536,0.9902,0.9796,0.0954,0.5441,0.9888,0.9796,0.0992,0.5491,0.9882,0.9796,0.0909,0.5465,0.9878,0.9796,0.0914,0.5269,0.9884,0.9796,0.0914,0.5469,0.9831,0.9796,0.0854,0.483,0.983,0.980,0.085
Mexico,34,South/Latin America,samer,CO,34,0.757,25,0.754,50,0.721,81,0.692,66,0.7,71,0.699,80,0.69,68,0.6917,84,0.6712,89,0.6604,91,0.6577,98,0.6503,97,0.6441,93,0.6441,75,0.6462,0.590,0.997,0.975,0.468,0.574,0.997,0.972,0.468,0.574,0.996,0.979,0.335,0.518,0.996,0.977,0.276,0.544,0.996,0.98,0.281,0.545,0.991,0.98,0.281,0.5519,0.9906,0.9796,0.238,0.5499,0.9911,0.9796,0.2463,0.5382,0.9914,0.9796,0.1759,0.5318,0.9913,0.9796,0.139,0.5212,0.991,0.9796,0.139,0.5089,0.9781,0.9796,0.1348,0.4789,0.978,0.9796,0.1399,0.4891,0.9918,0.9796,0.1161,0.480,0.992,0.980,0.133
Moldova,28,Europe,eu,CM,28,0.768,23,0.757,35,0.733,30,0.74,26,0.741,26,0.742,25,0.7405,52,0.7037,45,0.7101,39,0.7083,34,0.716,36,0.7104,20,0.7244,21,0.7172,17,0.7128,0.811,0.996,0.980,0.286,0.788,0.996,0.972,0.264,0.785,0.993,0.98,0.176,0.811,0.992,0.98,0.176,0.795,0.996,0.979,0.196,0.797,0.996,0.979,0.195,0.8077,0.9949,0.9791,0.1802,0.7407,0.9907,0.9791,0.1043,0.7608,0.9962,0.9791,0.1043,0.7641,0.9909,0.9796,0.0988,0.7707,0.9898,0.9796,0.124,0.7323,0.9929,0.9791,0.1372,0.8017,0.9982,0.9791,0.1184,0.7785,0.9941,0.9791,0.1172,0.760,0.994,0.980,0.117
Mongolia,69,Asia & Pacific,asia,IL,69,0.716,79,0.706,58,0.714,53,0.713,58,0.705,56,0.709,42,0.7212,33,0.7204,44,0.7111,36,0.714,27,0.7194,22,0.7221,40,0.7049,62,0.6731,42,0.6821,0.769,0.993,0.980,0.122,0.751,0.993,0.972,0.102,0.78,0.993,0.98,0.102,0.776,0.993,0.98,0.102,0.766,0.993,0.98,0.084,0.783,0.992,0.98,0.084,0.8082,0.9932,0.9796,0.1037,0.8338,0.9946,0.9796,0.0734,0.8387,0.9945,0.9796,0.0318,0.85,0.9946,0.9796,0.0318,0.8746,0.9919,0.9796,0.0317,0.8334,1,0.9796,0.0752,0.7563,1,0.9796,0.0839,0.6682,0.9991,0.9796,0.0456,0.704,0.999,0.980,0.046
Montenegro,48,Europe,eu,,48,0.732,71,0.71,69,0.706,77,0.693,89,0.681,79,0.689,0,0,0,0,0,0,0,0,0,0,0,0,0,0,0,0,0,0,0.748,0.998,0.970,0.212,0.712,0.998,0.972,0.161,0.696,0.992,0.979,0.157,0.653,0.988,0.974,0.157,0.647,0.989,0.975,0.114,0.67,0.997,0.975,0.114,0.7109,0.9952,0.9641,0.1033,0,0,0,0,0,0,0,0,0,0,0,0,0,0,0,0,0,0,0,0,0,0,0,0,0,0,0,0,0,0,0,0
Morocco,144,Arab States,arab,TR,144,0.612,143,0.605,137,0.607,136,0.598,137,0.597,139,0.593,133,0.5988,129,0.5845,129,0.5833,129,0.5804,127,0.5767,124,0.5926,125,0.5757,122,0.5676,107,0.5827,0.407,0.956,0.961,0.126,0.405,0.956,0.972,0.095,0.404,0.942,0.963,0.117,0.391,0.92,0.965,0.117,0.38,0.925,0.971,0.11,0.378,0.914,0.971,0.11,0.4,0.9194,0.9663,0.1096,0.3949,0.9002,0.9712,0.072,0.4154,0.8744,0.9712,0.072,0.4177,0.8653,0.9712,0.0672,0.4077,0.8607,0.9712,0.0671,0.4477,0.8558,0.9716,0.0952,0.3926,0.8437,0.9716,0.0952,0.4006,0.8451,0.9716,0.053,0.461,0.848,0.968,0.053
Mozambique,32,Africa,afr,CL,32,0.758,56,0.723,49,0.721,29,0.741,21,0.75,27,0.741,27,0.737,26,0.7349,23,0.735,26,0.7251,22,0.7329,26,0.7195,18,0.7266,43,0.6883,0,0,0.655,0.904,0.980,0.494,0.648,0.904,0.971,0.362,0.675,0.889,0.98,0.34,0.789,0.857,0.977,0.34,0.798,0.871,0.968,0.361,0.773,0.86,0.968,0.361,0.7892,0.8326,0.968,0.3581,0.7897,0.8355,0.9612,0.3533,0.7988,0.8267,0.9612,0.3533,0.7816,0.8121,0.9612,0.3457,0.8113,0.8136,0.9612,0.3455,0.8133,0.7818,0.9782,0.3047,0.8345,0.799,0.9782,0.2948,0.797,0.7525,0.9782,0.2256,0,0,0,0
Myanmar,109,Asia & Pacific,asia,NO,109,0.681,114,0.665,88,0.69,83,0.691,0,0,0,0,0,0,0,0,0,0,0,0,0,0,0,0,0,0,0,0,0,0,0.657,0.975,0.980,0.113,0.63,0.975,0.971,0.08,0.738,0.976,0.977,0.069,0.789,0.857,0.977,0.34,0,0,0,0,0,0,0,0,0,0,0,0,0,0,0,0,0,0,0,0,0,0,0,0,0,0,0,0,0,0,0,0,0,0,0,0,0,0,0,0,0,0,0,0
Namibia,6,Africa,afr,AM,6,0.809,12,0.784,10,0.789,13,0.777,14,0.765,16,0.76,40,0.7219,44,0.7094,41,0.7121,32,0.7177,25,0.7238,32,0.7167,30,0.7141,29,0.7012,38,0.6864,0.794,1.000,0.980,0.463,0.789,1,0.971,0.369,0.804,0.999,0.98,0.375,0.813,0.999,0.98,0.318,0.781,0.999,0.98,0.299,0.775,1,0.98,0.287,0.7326,1,0.9796,0.1755,0.698,1,0.9671,0.1727,0.71,0.9988,0.9671,0.1727,0.7273,0.9983,0.9671,0.178,0.7386,0.9979,0.9671,0.1918,0.7201,0.982,0.9683,0.1964,0.7091,0.9826,0.9683,0.1964,0.6717,0.9928,0.9683,0.172,0.614,0.993,0.967,0.172
Nepal,106,Asia & Pacific,asia,NE,106,0.683,101,0.68,105,0.671,111,0.664,110,0.661,110,0.658,112,0.6458,121,0.6053,123,0.6026,126,0.5888,115,0.6084,110,0.6213,120,0.5942,125,0.5575,111,0.5478,0.630,0.895,0.965,0.241,0.632,0.895,0.971,0.227,0.608,0.926,0.966,0.185,0.599,0.936,0.969,0.155,0.578,0.918,0.972,0.175,0.575,0.917,0.972,0.169,0.547,0.8889,0.9717,0.1756,0.5151,0.7462,0.9612,0.1989,0.4874,0.7632,0.9612,0.1989,0.4606,0.7589,0.9612,0.1745,0.5174,0.7806,0.9612,0.1743,0.4978,0.8164,0.9553,0.2157,0.4618,0.7454,0.9553,0.2144,0.4568,0.7336,0.9553,0.0845,0.465,0.734,0.953,0.039
Netherlands,31,Europe,eu,TD,31,0.762,38,0.736,27,0.747,32,0.737,16,0.756,13,0.776,14,0.773,13,0.7608,11,0.7659,15,0.747,17,0.7444,11,0.749,9,0.7399,12,0.7383,12,0.725,0.713,1.000,0.962,0.375,0.702,1,0.971,0.276,0.698,1,0.968,0.323,0.657,1,0.97,0.323,0.659,0.994,0.97,0.401,0.732,1,0.97,0.401,0.7106,1,0.9699,0.4116,0.7592,0.9954,0.9697,0.3191,0.7578,1,0.9697,0.3362,0.7432,0.9985,0.9697,0.2766,0.723,0.9966,0.9697,0.2883,0.6851,0.995,0.9743,0.3415,0.6674,0.9937,0.9743,0.3241,0.6667,0.9934,0.9743,0.3186,0.635,0.972,0.974,0.319
New Zealand,4,Asia & Pacific,asia,AO,4,0.84,6,0.799,7,0.801,9,0.791,9,0.781,10,0.782,13,0.7772,7,0.7799,6,0.7805,6,0.781,5,0.7808,5,0.788,5,0.7859,5,0.7649,7,0.7509,0.763,1.000,0.966,0.630,0.753,1,0.971,0.474,0.761,1,0.97,0.472,0.768,0.998,0.969,0.43,0.765,0.999,0.97,0.39,0.768,1,0.97,0.39,0.7517,1,0.9698,0.3872,0.7797,1,0.9697,0.3703,0.7822,1,0.9697,0.3703,0.7747,1,0.9697,0.3797,0.7743,1,0.9697,0.3792,0.7842,1,0.9745,0.3934,0.7792,1,0.9745,0.3899,0.7552,0.9992,0.9745,0.3307,0.714,0.999,0.973,0.317
Nicaragua,12,South/Central America,samer,BD,12,0.796,5,0.804,5,0.809,6,0.814,10,0.78,12,0.776,6,0.7894,10,0.7715,9,0.7697,27,0.7245,30,0.7176,49,0.7002,71,0.6747,90,0.6458,62,0.6566,0.598,1.000,0.978,0.606,0.671,1,0.971,0.565,0.679,1,0.98,0.576,0.702,1,0.98,0.576,0.632,1,0.98,0.506,0.619,1,0.98,0.506,0.6347,0.9996,0.9796,0.5439,0.6218,0.9996,0.9758,0.4889,0.6148,0.9996,0.9758,0.4889,0.6187,0.9996,0.9758,0.304,0.5915,0.9996,0.9758,0.3037,0.5626,1,0.9765,0.2616,0.4608,1,0.9765,0.2616,0.4344,0.9912,0.9765,0.1813,0.463,0.994,0.978,0.192
Niger,138,Africa,afr,TZ,138,0.629,128,0.635,133,0.621,122,0.641,118,0.643,125,0.638,118,0.6391,106,0.6469,110,0.6315,120,0.6011,118,0.6055,108,0.628,102,0.6339,107,0.6122,94,0.6104,0.673,0.726,0.964,0.155,0,0,0,0,0,0,0,0,0.702,1,0.98,0.576,0,0,0,0,0,0,0,0,0,0,0,0,0,0,0,0,0,0,0,0,0,0,0,0,0,0,0,0,0,0,0,0,0,0,0,0,0,0,0,0,0,0,0,0
Nigeria,139,Africa,afr,TH,139,0.627,128,0.635,133,0.621,122,0.641,118,0.643,125,0.638,118,0.6391,106,0.6469,110,0.6315,120,0.6011,118,0.6055,108,0.628,102,0.6339,107,0.6122,94,0.6104,0.687,0.806,0.967,0.047,0.738,0.806,0.971,0.032,0.661,0.806,0.964,0.052,0.728,0.813,0.972,0.052,0.7,0.814,0.961,0.097,0.691,0.802,0.961,0.097,0.7064,0.7779,0.9674,0.1045,0.6965,0.8115,0.9607,0.119,0.6299,0.8159,0.9607,0.1193,0.5964,0.809,0.9607,0.0384,0.6044,0.8072,0.9607,0.0497,0.6163,0.8315,0.9682,0.096,0.6459,0.8252,0.9686,0.096,0.6209,0.8076,0.9686,0.0519,0.612,0.816,0.966,0.049
Macedonia,73,Europe,eu,JO,73,0.715,70,0.711,66,0.707,67,0.702,0,0,69,0.701,70,0.6943,57,0.7013,61,0.6968,53,0.6966,49,0.6996,53,0.695,53,0.6914,35,0.6967,28,0.6983,0.647,0.977,0.970,0.267,0.635,0.988,0.974,0.248,0.62,0.993,0.976,0.241,0.728,0.813,0.972,0.052,0.658,0.982,0.967,0.178,0.671,0.99,0.967,0.178,0.6511,0.9891,0.9628,0.174,0.6611,0.9903,0.9533,0.2007,0.665,0.99,0.9533,0.1789,0.6761,0.9892,0.9551,0.166,0.6775,0.9888,0.9551,0.1769,0.6656,0.9883,0.9635,0.1626,0.6466,0.9873,0.9635,0.1681,0.6653,0.9849,0.9635,0.1733,0.671,0.985,0.964,0.173
Norway,3,Europe,eu,DZ,3,0.849,2,0.842,2,0.835,2,0.83,3,0.842,2,0.85,3,0.8374,3,0.8417,3,0.8403,2,0.8404,2,0.8404,3,0.8227,1,0.8239,2,0.8059,2,0.7994,0.792,1.000,0.964,0.640,0.798,1,0.971,0.598,0.806,0.999,0.972,0.563,0.816,0.999,0.973,0.53,0.818,1,0.974,0.576,0.868,1,0.974,0.559,0.8357,1,0.9695,0.5444,0.8357,1,0.9697,0.5616,0.83,1,0.9697,0.5616,0.8302,1,0.9697,0.5616,0.8306,1,0.9697,0.5614,0.7793,1,0.9787,0.533,0.7838,1,0.9787,0.533,0.7509,0.9996,0.9787,0.4945,0.729,1.000,0.975,0.494
Oman,145,Middle east,me,UG,145,0.608,144,0.602,139,0.605,0,0,133,0.612,135,0.604,128,0.6091,122,0.6053,125,0.5986,127,0.5873,122,0.595,123,0.5938,118,0.596,119,0.5903,0,0,0.453,0.977,0.961,0.041,0.431,0.977,0.971,0.021,0.43,0.99,0.979,0.02,0.816,0.999,0.973,0.53,0.483,0.973,0.971,0.021,0.441,0.984,0.971,0.021,0.4707,0.9736,0.9706,0.0214,0.4489,0.9745,0.9755,0.0221,0.4284,0.9684,0.9755,0.0221,0.4068,0.9412,0.9755,0.0256,0.4003,0.9784,0.9755,0.0256,0.4059,0.9735,0.9709,0.0247,0.4149,0.9736,0.9709,0.0247,0.3845,0.9709,0.9709,0.0351,0,0,0,0
Pakistan,153,Asia & Pacific,asia,VN,153,0.556,151,0.564,148,0.55,143,0.546,143,0.556,144,0.559,141,0.5522,135,0.5459,134,0.5478,133,0.5583,132,0.5465,132,0.5458,127,0.5549,126,0.5509,112,0.5434,0.316,0.811,0.944,0.154,0.327,0.823,0.971,0.159,0.318,0.81,0.946,0.127,0.309,0.802,0.948,0.127,0.32,0.811,0.967,0.127,0.33,0.813,0.967,0.127,0.3094,0.8054,0.9666,0.1273,0.3108,0.7685,0.9557,0.1487,0.3103,0.7616,0.9557,0.1636,0.3446,0.7782,0.9557,0.1547,0.3059,0.7698,0.9557,0.1545,0.3403,0.7467,0.9498,0.1465,0.3724,0.7509,0.9498,0.1465,0.3725,0.7336,0.9498,0.1477,0.369,0.706,0.951,0.148
Panama,44,South/Latin America,samer,EC,44,0.737,46,0.73,45,0.722,43,0.722,47,0.721,44,0.722,46,0.7195,37,0.7164,40,0.7122,40,0.7042,39,0.7072,43,0.7024,34,0.7095,38,0.6954,31,0.6935,0.731,0.994,0.973,0.252,0.725,0.994,0.97,0.222,0.693,0.995,0.98,0.222,0.691,0.995,0.98,0.222,0.696,0.993,0.98,0.214,0.698,0.994,0.98,0.214,0.7123,0.9942,0.9796,0.192,0.7136,0.9958,0.9753,0.1811,0.6998,0.9927,0.9753,0.1811,0.6797,0.9937,0.9753,0.1679,0.6925,0.9934,0.9753,0.1677,0.6831,0.9949,0.9796,0.1522,0.6781,0.9948,0.9796,0.1855,0.6551,0.9942,0.9796,0.1526,0.647,0.995,0.979,0.153
Papua New Guinea,135,Asia & Pacific,asia,CH,135,0.635,127,0.635,0,0,0,0,0,0,0,0,0,0,0,0,0,0,0,0,0,0,0,0,0,0,0,0,0,0,0.684,0.895,0.959,0.000,0.683,0.895,0.97,0,0,0,0,0,0.691,0.995,0.98,0.222,0,0,0,0,0,0,0,0,0,0,0,0,0,0,0,0,0,0,0,0,0,0,0,0,0,0,0,0,0,0,0,0,0,0,0,0,0,0,0,0,0,0,0,0
Paraguay,86,South/Latin America,samer,MG,86,0.702,100,0.683,104,0.672,96,0.678,96,0.676,107,0.666,81,0.689,89,0.6724,83,0.6714,67,0.6818,69,0.6804,66,0.6868,100,0.6379,69,0.6659,64,0.6556,0.672,0.998,0.974,0.164,0.641,0.998,0.97,0.122,0.623,0.994,0.972,0.1,0.652,0.994,0.971,0.094,0.656,0.995,0.98,0.075,0.616,0.994,0.98,0.075,0.6461,0.9933,0.9796,0.1371,0.6363,0.9928,0.9758,0.0847,0.651,0.9954,0.9758,0.0633,0.6436,0.9948,0.9758,0.1129,0.6373,0.9955,0.9758,0.1129,0.6688,0.997,0.9796,0.1019,0.4827,0.9974,0.9796,0.0921,0.594,0.9454,0.9796,0.1444,0.554,0.944,0.980,0.144
Peru,62,South/Latin America,samer,HU,62,0.721,66,0.714,52,0.72,48,0.719,80,0.687,89,0.683,45,0.7198,80,0.6787,78,0.6742,73,0.6796,60,0.6895,44,0.7024,48,0.6959,75,0.6624,60,0.6619,0.629,0.981,0.964,0.310,0.652,0.981,0.97,0.247,0.634,0.988,0.977,0.282,0.632,0.988,0.978,0.277,0.594,0.989,0.97,0.194,0.603,0.987,0.97,0.173,0.6271,0.9875,0.9705,0.2941,0.6278,0.9796,0.9658,0.1417,0.6098,0.9796,0.9658,0.1417,0.6109,0.9796,0.9658,0.1622,0.6201,0.9796,0.9658,0.1926,0.635,0.9785,0.9714,0.2246,0.5961,0.9814,0.9714,0.2348,0.5371,0.9757,0.9714,0.1653,0.531,0.976,0.976,0.165
Philippines,17,Asia & Pacific,asia,BJ,17,0.784,16,0.781,8,0.799,10,0.79,7,0.786,7,0.79,9,0.7814,5,0.7832,8,0.7757,8,0.7685,9,0.7654,9,0.7579,6,0.7568,6,0.7629,6,0.7516,0.795,0.999,0.979,0.362,0.792,0.999,0.97,0.353,0.801,1,0.979,0.416,0.764,1,0.979,0.416,0.78,1,0.98,0.386,0.799,1,0.98,0.382,0.778,1,0.9796,0.3682,0.7773,1,0.9796,0.376,0.7719,1,0.9796,0.3515,0.7632,1,0.9796,0.3314,0.7611,1,0.9796,0.3212,0.7604,1,0.9796,0.2915,0.7734,1,0.9796,0.2741,0.7891,1,0.9796,0.2829,0.757,1.000,0.980,0.269
Poland,75,Europe,eu,KE,75,0.713,40,0.736,42,0.728,39,0.728,38,0.727,51,0.715,57,0.7051,54,0.7031,53,0.7015,42,0.7038,43,0.7037,50,0.6998,49,0.6951,60,0.6756,44,0.6802,0.705,0.996,0.980,0.171,0.711,0.996,0.97,0.256,0.706,0.998,0.98,0.23,0.702,1,0.98,0.23,0.69,1,0.979,0.238,0.667,1,0.979,0.213,0.6808,0.9995,0.9791,0.1609,0.6563,0.9983,0.9791,0.1786,0.6503,0.9981,0.9791,0.1786,0.653,0.9994,0.9785,0.1843,0.6526,0.9992,0.9785,0.1843,0.6426,0.9989,0.9791,0.1784,0.6238,0.9989,0.9791,0.1784,0.6167,1,0.9791,0.1067,0.635,1.000,0.979,0.107
Portugal,22,Europe,eu,BR,22,0.775,35,0.744,37,0.732,33,0.734,31,0.737,39,0.731,39,0.7243,51,0.7056,47,0.7071,35,0.7144,32,0.7171,46,0.7013,39,0.7051,37,0.6959,33,0.6922,0.746,0.992,0.972,0.390,0.726,0.992,0.97,0.278,0.721,0.991,0.978,0.24,0.73,0.992,0.977,0.24,0.713,0.993,0.973,0.268,0.712,0.995,0.973,0.244,0.7192,0.9933,0.9724,0.2124,0.6726,0.994,0.9724,0.1834,0.6788,0.9936,0.9724,0.1834,0.6626,0.9932,0.9742,0.2278,0.6723,0.989,0.9742,0.2328,0.6814,0.9895,0.973,0.1613,0.6958,0.9902,0.973,0.1613,0.6835,0.9893,0.973,0.1379,0.669,0.989,0.973,0.138
Qatar,142,Middle east,me,TT,142,0.624,135,0.629,127,0.629,130,0.626,119,0.643,122,0.645,116,0.6403,115,0.6299,115,0.6264,111,0.623,117,0.6059,125,0.5907,119,0.5948,109,0.6041,0,0,0.504,0.990,0.948,0.053,0.512,0.99,0.969,0.052,0.511,0.995,0.961,0.05,0.523,1,0.965,0.016,0.619,0.982,0.957,0.013,0.632,0.977,0.957,0.013,0.6197,0.9764,0.9522,0.013,0.5735,0.9941,0.9522,0,0.5557,0.9978,0.9522,0,0.5473,0.9924,0.9522,0,0.4829,0.9887,0.9522,0,0.4005,0.9946,0.947,0.0206,0.4146,0.9966,0.9474,0.0206,0.4556,0.993,0.9474,0.0206,0,0,0,0
Romania,88,Europe,eu,MY,88,0.7,55,0.724,63,0.711,58,0.708,76,0.69,77,0.693,72,0.6936,70,0.6908,67,0.6859,68,0.6812,67,0.6826,70,0.6805,70,0.6763,47,0.6859,46,0.6797,0.723,0.997,0.980,0.100,0.728,0.997,0.969,0.19,0.705,0.996,0.98,0.162,0.698,0.995,0.98,0.159,0.699,0.992,0.979,0.09,0.708,0.994,0.979,0.09,0.6825,0.9939,0.9791,0.119,0.6928,0.9945,0.9791,0.097,0.6815,0.9943,0.9791,0.0885,0.6943,0.995,0.9791,0.0563,0.7081,0.9887,0.9773,0.0562,0.7121,0.9911,0.9791,0.0399,0.7001,0.9936,0.9791,0.0321,0.6974,0.9928,0.9791,0.0744,0.673,0.993,0.979,0.074
Russian Federation,81,Europe,eu,LB,81,0.708,81,0.706,75,0.701,71,0.696,75,0.691,75,0.694,75,0.6927,61,0.6983,59,0.698,43,0.7037,45,0.7036,51,0.6987,42,0.6994,45,0.6866,49,0.677,0.767,1.000,0.980,0.085,0.749,1,0.969,0.095,0.741,1,0.98,0.085,0.724,0.997,0.98,0.085,0.722,0.997,0.979,0.066,0.731,1,0.979,0.066,0.7257,0.9998,0.9791,0.0662,0.7204,0.9984,0.9791,0.0951,0.7197,0.998,0.9791,0.0951,0.7373,0.9985,0.9791,0.0999,0.736,0.9994,0.9791,0.0999,0.74,0.9992,0.9791,0.0764,0.7426,0.9994,0.9791,0.0764,0.7346,0.9991,0.9791,0.0337,0.696,0.999,0.979,0.034
Rwanda,7,Africa,afr,AU,7,0.805,9,0.791,6,0.804,4,0.822,5,0.8,6,0.794,0,0,0,0,0,0,0,0,0,0,0,0,0,0,0,0,0,0,0.726,0.957,0.974,0.563,0.672,0.957,0.969,0.563,0.743,0.961,0.973,0.539,0.82,0.951,0.98,0.539,0.817,0.958,0.972,0.452,0.808,0.944,0.972,0.452,0.7698,0.9289,0.9667,0.4762,0,0,0,0,0,0,0,0,0,0,0,0,0,0,0,0,0,0,0,0,0,0,0,0,0,0,0,0,0,0,0,0
Saudi Arabia,147,Middle east,me,AE,147,0.603,146,0.599,141,0.59,138,0.584,141,0.583,134,0.605,130,0.6059,127,0.5879,131,0.5731,131,0.5753,129,0.5713,130,0.5651,128,0.5537,124,0.5647,114,0.5242,0.390,0.980,0.964,0.077,0.375,0.983,0.969,0.077,0.337,0.982,0.963,0.077,0.32,0.975,0.965,0.077,0.328,0.961,0.966,0.077,0.387,0.988,0.966,0.077,0.3893,0.9868,0.9707,0.0768,0.3223,0.9761,0.9762,0.0769,0.3404,0.9757,0.9762,0,0.3576,0.9674,0.9762,0,0.3351,0.9739,0.9762,0,0.3096,0.9745,0.9765,0,0.2589,0.9795,0.9765,0,0.321,0.9613,0.9765,0,0.240,0.880,0.977,0.000
Senegal,104,Africa,afr,NZ,104,0.684,99,0.684,94,0.682,91,0.684,82,0.685,72,0.698,77,0.6912,67,0.6923,90,0.6657,92,0.6573,101,0.6414,102,0.6427,0,0,0,0,0,0,0.554,0.888,0.967,0.327,0.552,0.888,0.968,0.32,0.564,0.88,0.976,0.308,0.624,0.831,0.973,0.308,0.628,0.83,0.967,0.316,0.678,0.833,0.967,0.316,0.6624,0.8222,0.9725,0.3077,0.6401,0.827,0.9734,0.3286,0.6737,0.827,0.9734,0.1887,0.6884,0.8247,0.9734,0.1429,0.6439,0.8208,0.9734,0.1274,0.6379,0.8174,0.9742,0.1411,0,0,0,0,0,0,0,0,0,0,0,0
Serbia,19,Europe,eu,BO,19,0.78,39,0.736,38,0.73,40,0.727,48,0.72,45,0.72,54,0.7086,42,0.7116,50,0.7037,0,0,0,0,0,0,0,0,0,0,0,0,0.716,0.998,0.969,0.437,0.7,0.997,0.968,0.276,0.672,0.998,0.98,0.272,0.67,0.997,0.98,0.262,0.67,0.996,0.973,0.242,0.669,0.996,0.973,0.242,0.6704,0.9954,0.973,0.1957,0.6791,0.994,0.9642,0.2089,0.6596,0.9927,0.9703,0.1921,0,0,0,0,0,0,0,0,0,0,0,0,0,0,0,0,0,0,0,0,0,0,0,0
Sierra Leone,121,Africa,afr,RU,121,0.655,111,0.668,114,0.661,0,0,0,0,0,0,0,0,0,0,0,0,0,0,0,0,0,0,0,0,0,0,0,0,0.713,0.860,0.966,0.083,0.745,0.86,0.968,0.1,0.686,0.907,0.967,0.083,0.67,0.997,0.98,0.262,0,0,0,0,0,0,0,0,0,0,0,0,0,0,0,0,0,0,0,0,0,0,0,0,0,0,0,0,0,0,0,0,0,0,0,0,0,0,0,0,0,0,0,0
Singapore,54,Asia & Pacific,asia,GE,54,0.727,54,0.724,67,0.707,65,0.702,55,0.712,54,0.711,59,0.7046,58,0.7,55,0.6989,57,0.6914,56,0.6914,84,0.6664,84,0.6625,77,0.6609,65,0.655,0.749,0.990,0.963,0.208,0.782,0.99,0.968,0.159,0.761,0.988,0.965,0.113,0.752,0.977,0.971,0.11,0.793,0.975,0.967,0.111,0.814,0.945,0.967,0.119,0.7899,0.9413,0.9671,0.1201,0.7883,0.9409,0.9719,0.0989,0.7876,0.9409,0.9719,0.0951,0.7585,0.9381,0.9677,0.1014,0.7527,0.9375,0.9677,0.1076,0.6707,0.937,0.9575,0.1005,0.6544,0.9376,0.9575,0.1005,0.6546,0.9308,0.9575,0.1005,0.646,0.931,0.960,0.083
Slovak Republic,77,Europe,eu,KW,77,0.712,63,0.718,83,0.693,74,0.694,94,0.679,97,0.675,90,0.6806,74,0.6857,70,0.6824,72,0.6797,71,0.6778,68,0.6845,64,0.6824,54,0.6797,50,0.6757,0.682,1.000,0.980,0.184,0.663,1,0.967,0.231,0.657,1,0.98,0.135,0.662,1,0.98,0.135,0.648,1,0.973,0.093,0.638,1,0.973,0.087,0.6431,1,0.973,0.1061,0.635,1,0.9796,0.1284,0.6282,1,0.9796,0.122,0.6335,1,0.9796,0.1059,0.6375,1,0.9796,0.0941,0.6464,1,0.9796,0.1121,0.638,1,0.9796,0.1121,0.6666,0.9952,0.9796,0.0774,0.650,0.995,0.980,0.077
Slovenia,41,Europe,eu,CZ,41,0.741,36,0.743,11,0.784,7,0.805,8,0.786,9,0.784,23,0.7443,38,0.7155,38,0.7132,41,0.7041,42,0.7047,52,0.6982,51,0.6937,49,0.6842,51,0.6745,0.803,1.000,0.977,0.184,0.797,1,0.967,0.196,0.795,1,0.98,0.361,0.801,1,0.98,0.44,0.784,1,0.973,0.385,0.778,1,0.973,0.385,0.7827,0.9999,0.973,0.2214,0.7189,0.9999,0.973,0.1702,0.7139,0.9981,0.973,0.1677,0.7205,0.9977,0.9755,0.1227,0.7229,0.9977,0.9755,0.1229,0.7211,0.998,0.973,0.1005,0.7079,0.9979,0.973,0.096,0.7049,0.9994,0.973,0.0597,0.667,0.999,0.973,0.060
South Africa,18,Africa,afr,BT,18,0.781,17,0.78,19,0.755,19,0.756,15,0.764,17,0.759,18,0.7527,17,0.751,16,0.7496,14,0.7478,12,0.7535,6,0.7709,22,0.7232,20,0.7194,18,0.7125,0.658,0.994,0.979,0.493,0.649,0.994,0.967,0.497,0.645,0.992,0.98,0.404,0.652,0.993,0.98,0.399,0.677,0.995,0.98,0.404,0.67,0.987,0.98,0.4,0.6473,0.9869,0.9796,0.3969,0.6505,0.9941,0.9677,0.3919,0.6588,0.98,0.9677,0.3919,0.6653,0.981,0.9677,0.3773,0.6727,0.9962,0.9677,0.3773,0.663,0.9961,0.9754,0.4492,0.5685,0.9956,0.9754,0.3534,0.5856,0.9908,0.9754,0.3258,0.556,0.993,0.976,0.326
Spain,14,Europe,eu,BY,14,0.788,8,0.795,29,0.746,24,0.746,29,0.738,25,0.742,29,0.7325,30,0.7266,26,0.7266,12,0.758,11,0.7554,17,0.7345,17,0.7281,10,0.7444,11,0.7319,0.699,0.998,0.965,0.491,0.681,0.998,0.967,0.527,0.66,0.998,0.972,0.354,0.657,0.998,0.973,0.354,0.668,0.998,0.972,0.316,0.674,0.998,0.972,0.326,0.647,0.9973,0.9719,0.3139,0.6521,0.9971,0.973,0.2841,0.6462,0.9971,0.9791,0.2841,0.6328,0.997,0.9761,0.426,0.624,0.9964,0.9755,0.4258,0.6017,0.9945,0.973,0.3688,0.577,0.9938,0.973,0.3688,0.5887,0.9943,0.973,0.4214,0.539,0.994,0.973,0.421
Sri Lanka,116,Asia & Pacific,asia,PH,116,0.67,102,0.68,100,0.676,109,0.669,100,0.673,84,0.686,79,0.6903,55,0.7019,39,0.7122,31,0.7212,16,0.7458,16,0.7402,12,0.7371,15,0.723,13,0.7199,0.547,0.988,0.980,0.167,0.558,0.988,0.967,0.193,0.549,0.988,0.98,0.188,0.521,0.986,0.98,0.188,0.53,0.988,0.98,0.196,0.577,0.995,0.98,0.193,0.5908,0.9942,0.9796,0.1965,0.559,0.9946,0.9796,0.2744,0.5596,0.9946,0.9796,0.3151,0.5598,0.9329,0.9796,0.4126,0.6008,0.9926,0.9796,0.4103,0.5734,0.9916,0.9796,0.4164,0.5598,0.9925,0.9796,0.4164,0.557,0.9902,0.9796,0.3652,0.545,0.990,0.980,0.365
Suriname,51,South/Latin America,samer,FI,51,0.729,77,0.707,79,0.695,86,0.689,95,0.679,94,0.678,109,0.6504,110,0.6369,106,0.6409,104,0.6395,102,0.6407,78,0.6726,79,0.6674,56,0.6794,0,0,0.703,0.993,0.969,0.252,0.635,0.993,0.966,0.232,0.638,0.991,0.973,0.177,0.618,0.991,0.972,0.177,0.617,0.997,0.98,0.12,0.616,0.998,0.98,0.12,0.5688,0.9973,0.9796,0.0558,0.4986,0.9973,0.9796,0.0723,0.5144,0.9973,0.9796,0.0723,0.5084,0.9911,0.9742,0.0843,0.4495,0.9852,0.9742,0.1539,0.5714,0.9904,0.973,0.1555,0.5507,0.9905,0.973,0.1555,0.6169,0.9887,0.973,0.1391,0,0,0,0
Sweden,5,Europe,eu,AR,5,0.823,4,0.82,3,0.822,5,0.816,4,0.815,4,0.823,4,0.8165,4,0.8129,4,0.8159,4,0.8044,4,0.8024,4,0.8139,3,0.8139,1,0.8146,1,0.8133,0.810,0.996,0.962,0.522,0.79,0.996,0.966,0.525,0.808,0.998,0.969,0.512,0.809,0.999,0.969,0.486,0.802,0.999,0.974,0.486,0.836,0.996,0.974,0.486,0.7989,0.9974,0.9694,0.5005,0.7829,0.9977,0.9735,0.4976,0.7957,0.9969,0.9735,0.4976,0.7933,0.9957,0.9729,0.4557,0.7695,0.9964,0.9729,0.4706,0.7851,0.9977,0.9735,0.4994,0.7842,0.9987,0.9735,0.4994,0.7613,0.9986,0.9735,0.5252,0.731,0.999,0.973,0.550
Switzerland,10,Europe,eu,BS,10,0.798,18,0.779,20,0.755,21,0.755,11,0.776,8,0.785,11,0.7798,9,0.7736,10,0.7672,10,0.7627,10,0.7562,13,0.7426,14,0.736,40,0.6924,26,0.6997,0.743,0.992,0.964,0.494,0.746,0.992,0.965,0.407,0.739,0.991,0.97,0.32,0.743,0.993,0.972,0.314,0.745,0.993,0.974,0.391,0.798,0.993,0.974,0.376,0.7797,0.9922,0.9737,0.3737,0.7681,0.9919,0.9733,0.361,0.7518,0.9909,0.9738,0.3525,0.7419,0.9899,0.9738,0.3453,0.7267,0.9889,0.9738,0.3352,0.6854,0.9792,0.9784,0.3273,0.6631,0.9751,0.9784,0.3273,0.676,0.9569,0.9784,0.1582,0.709,0.957,0.979,0.154
Syria,152,Asia & Pacific,asia,VE,152,0.568,150,0.567,146,0.568,142,0.568,142,0.567,143,0.568,139,0.5775,133,0.5661,132,0.5626,124,0.5896,124,0.5926,121,0.6072,107,0.6181,103,0.6216,0,0,0.285,0.953,0.965,0.067,0.249,0.953,0.965,0.085,0.273,0.955,0.98,0.063,0.274,0.956,0.98,0.063,0.273,0.963,0.97,0.063,0.279,0.965,0.97,0.059,0.2975,0.967,0.9791,0.0662,0.2508,0.9682,0.9756,0.0697,0.2743,0.9306,0.9756,0.0697,0.409,0.9135,0.9756,0.0603,0.398,0.9363,0.9756,0.0603,0.4609,0.9315,0.9761,0.0603,0.5084,0.9275,0.9761,0.0603,0.524,0.9274,0.9761,0.0589,0,0,0,0
Tajikistan,125,Asia & Pacific,asia,RS,125,0.65,137,0.626,123,0.638,95,0.678,93,0.679,95,0.675,102,0.6654,90,0.6682,96,0.6608,96,0.6526,89,0.6598,86,0.6661,89,0.6541,79,0.6578,0,0,0.574,0.942,0.969,0.112,0.496,0.942,0.965,0.088,0.547,0.94,0.976,0.088,0.708,0.941,0.976,0.088,0.711,0.937,0.966,0.104,0.709,0.922,0.966,0.104,0.7007,0.905,0.9664,0.0893,0.7284,0.8993,0.9559,0.0891,0.7115,0.8869,0.9559,0.0891,0.6827,0.8839,0.9559,0.0881,0.7087,0.8817,0.9559,0.0929,0.7298,0.875,0.9785,0.0811,0.6891,0.8675,0.9785,0.0811,0.7103,0.8689,0.9785,0.0736,0,0,0,0
Tanzania,82,Africa,afr,LS,82,0.707,68,0.713,71,0.704,68,0.7,53,0.716,49,0.718,47,0.7182,66,0.6928,46,0.7091,59,0.6904,66,0.6829,73,0.6797,38,0.7068,34,0.6969,24,0.7038,0.703,0.921,0.970,0.235,0.698,0.921,0.964,0.254,0.676,0.918,0.978,0.245,0.674,0.91,0.976,0.239,0.674,0.914,0.979,0.296,0.709,0.894,0.979,0.292,0.7077,0.8746,0.9732,0.3173,0.6635,0.8779,0.9612,0.2684,0.6695,0.9373,0.9612,0.2684,0.6571,0.8779,0.9612,0.2653,0.671,0.8716,0.9612,0.228,0.6824,0.8679,0.9688,0.1998,0.7889,0.8698,0.9688,0.1998,0.7796,0.8588,0.9688,0.1803,0.809,0.859,0.967,0.180
Thailand,79,Asia & Pacific,asia,LA,79,0.71,75,0.708,73,0.702,75,0.694,71,0.699,60,0.706,61,0.7027,65,0.6928,65,0.6893,60,0.6892,57,0.691,59,0.6907,52,0.6917,52,0.6815,40,0.6831,0.787,0.992,0.978,0.084,0.776,0.991,0.964,0.086,0.763,0.991,0.978,0.074,0.767,0.958,0.978,0.072,0.77,0.99,0.98,0.057,0.794,0.994,0.98,0.057,0.7677,0.9938,0.9796,0.07,0.7035,0.9888,0.9796,0.0992,0.699,0.9888,0.9796,0.0898,0.709,0.9855,0.9796,0.0828,0.716,0.9855,0.9796,0.0829,0.7216,0.9933,0.9796,0.0685,0.7283,0.9906,0.9796,0.0685,0.7236,0.9728,0.9796,0.0501,0.722,0.973,0.980,0.058
Timor-Leste,64,Asia & Pacific,asia,IN,64,0.72,117,0.662,124,0.638,128,0.628,125,0.637,0,0,0,0,0,0,0,0,0,0,0,0,0,0,0,0,0,0,0,0,0.724,0.946,0.972,0.238,0.478,0.946,0.963,0.249,0.423,0.935,0.977,0.216,0.393,0.934,0.979,0.205,0.406,0.941,0.971,0.229,0,0,0,0,0,0,0,0,0,0,0,0,0.6131,0.928,0.9789,0.2219,0,0,0,0,0,0,0,0,0,0,0,0,0,0,0,0,0,0,0,0,0,0,0,0
Togo,105,Africa,afr,NI,105,0.683,140,0.615,134,0.618,0,0,0,0,0,0,0,0,0,0,0,0,0,0,0,0,0,0,0,0,0,0,0,0,0.787,0.782,0.979,0.185,0.608,0.778,0.963,0.111,0.61,0.771,0.965,0.128,0.393,0.934,0.979,0.205,0,0,0,0,0,0,0,0,0,0,0,0,0,0,0,0,0,0,0,0,0,0,0,0,0,0,0,0,0,0,0,0,0,0,0,0,0,0,0,0,0,0,0,0
Trinidad and Tobago,37,South/Latin America,samer,CI,37,0.749,24,0.756,0,0,0,0,44,0.723,46,0.72,49,0.7154,36,0.7166,43,0.7116,21,0.7372,21,0.7353,19,0.7298,19,0.7245,46,0.6859,45,0.6797,0.703,0.994,0.980,0.319,0.721,0.994,0.963,0.329,0,0,0,0,0.393,0.934,0.979,0.205,0.702,0.992,0.98,0.218,0.704,0.995,0.98,0.201,0.7072,0.9944,0.9796,0.1805,0.7112,0.9944,0.9516,0.2092,0.7013,0.9943,0.9516,0.1993,0.7108,0.9944,0.9796,0.2642,0.712,0.9947,0.9796,0.2549,0.6915,0.9937,0.9796,0.2547,0.6663,0.9973,0.9796,0.2547,0.6388,0.9959,0.9796,0.1296,0.614,0.996,0.980,0.130
Tunisia,126,Arab States,arab,SL,126,0.649,124,0.644,119,0.648,117,0.651,126,0.636,127,0.634,0,0,0,0,0,0,0,0,0,0,0,0,0,0,0,0,0,0,0.445,0.970,0.969,0.212,0.434,0.97,0.962,0.201,0.439,0.966,0.971,0.216,0.446,0.966,0.975,0.216,0.444,0.96,0.969,0.17,0.444,0.953,0.969,0.17,0.4634,0.9506,0.9641,0.1306,0,0,0,0,0,0,0,0,0.444,0.9662,0.9641,0.1278,0.4501,0.9662,0.9623,0.1278,0.4524,0.9606,0.9697,0.1105,0.4757,0.9619,0.9697,0.1105,0.474,0.959,0.9697,0.1104,0.480,0.959,0.966,0.110
Turkey,133,Europe,eu,SR,133,0.638,130,0.635,130,0.628,131,0.625,130,0.623,130,0.624,125,0.6183,120,0.6081,124,0.6015,122,0.5954,126,0.5876,129,0.5828,123,0.5853,121,0.5768,105,0.585,0.486,0.975,0.967,0.123,0.478,0.961,0.962,0.124,0.466,0.968,0.976,0.101,0.471,0.965,0.977,0.088,0.464,0.958,0.98,0.09,0.459,0.957,0.98,0.103,0.4532,0.9527,0.9796,0.0877,0.4269,0.9431,0.9755,0.0868,0.4139,0.9296,0.9755,0.0868,0.3888,0.92,0.9755,0.0972,0.3856,0.9123,0.9755,0.0769,0.4002,0.8923,0.9712,0.0675,0.4123,0.8901,0.9712,0.0675,0.4307,0.8536,0.9712,0.0516,0.434,0.885,0.969,0.052
Uganda,66,Africa,afr,IR,66,0.717,65,0.717,43,0.724,45,0.721,61,0.704,58,0.708,88,0.6821,46,0.7086,28,0.7228,29,0.722,33,0.7169,40,0.7067,43,0.6981,50,0.6833,47,0.6797,0.692,0.898,0.980,0.296,0.663,0.914,0.961,0.309,0.7,0.913,0.98,0.305,0.693,0.913,0.973,0.305,0.647,0.928,0.98,0.26,0.653,0.93,0.98,0.271,0.6311,0.8463,0.9674,0.2837,0.7285,0.8425,0.9796,0.2839,0.7221,0.9056,0.9796,0.2839,0.7088,0.9173,0.9796,0.2824,0.7075,0.9218,0.9796,0.2586,0.7256,0.892,0.9758,0.2333,0.6943,0.889,0.9758,0.2333,0.6763,0.8742,0.9758,0.207,0.677,0.859,0.976,0.207
Ukraine,74,Europe,eu,KZ,74,0.714,59,0.721,65,0.708,61,0.705,69,0.7,67,0.702,56,0.7056,64,0.6935,64,0.6894,64,0.6861,63,0.6869,61,0.6896,62,0.6856,57,0.679,48,0.6797,0.732,1.000,0.978,0.147,0.737,1,0.961,0.171,0.747,1,0.978,0.107,0.736,1,0.978,0.107,0.722,1,0.979,0.098,0.731,1,0.979,0.098,0.7483,0.9998,0.973,0.1012,0.7426,0.9998,0.973,0.0587,0.7251,0.9997,0.9791,0.0535,0.7037,0.9997,0.9761,0.0648,0.7074,0.9996,0.9761,0.0645,0.72,0.9991,0.9791,0.0602,0.7139,0.9985,0.9791,0.0507,0.7082,0.9844,0.973,0.0505,0.691,0.998,0.980,0.050
United Arab Emirates,72,Middle east,me,JP,72,0.716,120,0.655,121,0.642,120,0.649,124,0.639,119,0.646,115,0.6436,109,0.6372,107,0.6392,103,0.6454,103,0.6397,112,0.6198,105,0.622,105,0.6184,101,0.5919,0.510,0.987,0.963,0.403,0.472,0.987,0.96,0.191,0.439,0.979,0.972,0.18,0.459,0.994,0.965,0.18,0.456,1,0.961,0.139,0.519,0.987,0.961,0.115,0.5152,0.9875,0.9612,0.1106,0.4672,1,0.9612,0.1206,0.4751,1,0.9612,0.1206,0.4898,0.9914,0.9612,0.1394,0.4605,0.9977,0.9612,0.1394,0.4148,0.9918,0.9612,0.1114,0.4198,0.9955,0.9612,0.1114,0.421,0.9868,0.9612,0.1046,0.403,0.986,0.964,0.015
United Kingdom,23,Europe,eu,BN,23,0.775,21,0.767,15,0.774,15,0.77,20,0.752,18,0.758,26,0.7383,18,0.744,18,0.7433,16,0.7462,15,0.746,15,0.7402,13,0.7366,11,0.7441,9,0.7365,0.716,0.999,0.966,0.419,0.704,0.999,0.958,0.396,0.705,0.999,0.97,0.421,0.705,0.999,0.971,0.404,0.7,0.999,0.974,0.335,0.724,1,0.974,0.335,0.714,0.9996,0.9699,0.2698,0.732,0.9994,0.9698,0.2747,0.7305,0.9993,0.9698,0.2737,0.7224,1,0.9698,0.2927,0.721,1,0.9698,0.2933,0.7064,1,0.9745,0.2801,0.6918,1,0.9745,0.2801,0.6947,1,0.9745,0.3074,0.664,1.000,0.974,0.307
United States,30,North America,namer,CV,30,0.763,53,0.724,51,0.72,49,0.718,45,0.722,28,0.74,20,0.7463,23,0.7392,22,0.7373,17,0.7412,19,0.7411,31,0.7173,27,0.7179,31,0.7002,23,0.7042,0.754,1.000,0.970,0.329,0.756,1,0.958,0.164,0.782,0.998,0.976,0.125,0.776,1,0.973,0.124,0.752,1,0.975,0.162,0.826,0.999,0.975,0.162,0.8276,0.998,0.9747,0.1847,0.8185,1,0.9792,0.1593,0.8143,1,0.9792,0.1557,0.7999,1,0.9792,0.1857,0.7992,1,0.9792,0.1861,0.7501,1,0.9795,0.1398,0.7524,1,0.9795,0.1398,0.7383,0.9816,0.9795,0.1016,0.759,0.982,0.980,0.097
Uruguay,85,South/Latin America,samer,LU,85,0.702,37,0.737,56,0.715,56,0.71,91,0.681,93,0.679,82,0.6871,77,0.6803,76,0.6745,58,0.6907,59,0.6897,57,0.6936,54,0.6907,78,0.6608,66,0.6549,0.690,1.000,0.980,0.140,0.696,1,0.953,0.274,0.664,1,0.98,0.216,0.645,1,0.98,0.216,0.643,0.999,0.98,0.101,0.639,0.997,0.98,0.101,0.6841,0.9968,0.9796,0.088,0.6833,0.9967,0.9796,0.0617,0.6602,0.9967,0.9796,0.0617,0.6621,0.9982,0.9796,0.1229,0.6566,1,0.9796,0.1227,0.6535,1,0.9796,0.1415,0.6422,0.9995,0.9796,0.1415,0.6341,0.9908,0.9796,0.0387,0.611,0.991,0.980,0.039
Vanuatu,141,Asia & Pacific,asia,TG,141,0.625,126,0.638,0,0,0,0,0,0,0,0,0,0,0,0,0,0,0,0,0,0,0,0,0,0,0,0,0,0,0.576,0.947,0.975,0.000,0.637,0.947,0.948,0,0,0,0,0,0.645,1,0.98,0.216,0,0,0,0,0,0,0,0,0,0,0,0,0,0,0,0,0,0,0,0,0,0,0,0,0,0,0,0,0,0,0,0,0,0,0,0,0,0,0,0,0,0,0,0
Venezuela,91,South/Latin America,samer,MT,91,0.699,67,0.713,64,0.709,60,0.706,74,0.694,78,0.691,86,0.6851,50,0.706,48,0.706,63,0.6861,64,0.6863,69,0.6839,59,0.6875,55,0.6797,57,0.6664,0.617,0.998,0.980,0.199,0.683,0.998,0.946,0.191,0.691,0.997,0.98,0.167,0.678,0.997,0.98,0.167,0.669,0.999,0.98,0.127,0.657,0.99,0.98,0.139,0.6617,0.9885,0.9796,0.1108,0.6256,0.9993,0.9796,0.2196,0.626,0.9989,0.9796,0.2196,0.6159,0.999,0.9796,0.15,0.6145,0.9991,0.9796,0.1521,0.619,0.9988,0.9796,0.1382,0.6336,0.9988,0.9796,0.1382,0.6306,0.9989,0.9796,0.1097,0.600,0.986,0.973,0.107
Vietnam,87,Asia & Pacific,asia,MW,87,0.701,87,0.7,77,0.698,69,0.698,0,0,83,0.687,0,0,0,0,0,0,0,0,0,0,0,0,0,0,0,0,0,0,0.765,0.982,0.945,0.113,0.751,0.982,0.944,0.123,0.74,0.972,0.957,0.124,0.678,0.997,0.98,0.167,0.736,0.978,0.95,0.138,0.731,0.941,0.95,0.124,0.726,0.9719,0.9441,0.1241,0.7023,0.9741,0.9441,0.1247,0.7096,0.9684,0.9441,0.1247,0.7106,0.9257,0.9458,0.1107,0.7212,0.9242,0.9469,0.1182,0.7349,0.8974,0.97,0.1184,0.7287,0.8943,0.97,0.1184,0.7447,0.8924,0.97,0.1484,0,0,0,0
Yemen,155,Middle east,me,ZM,155,0.492,153,0.494,149,0.499,144,0.516,144,0.516,145,0.484,142,0.5145,136,0.5128,135,0.5054,135,0.4873,134,0.4603,134,0.4609,130,0.4664,128,0.451,115,0.4595,0.282,0.717,0.968,0.001,0.273,0.717,0.942,0.018,0.299,0.718,0.966,0.014,0.345,0.737,0.968,0.014,0.352,0.72,0.967,0.026,0.225,0.72,0.967,0.026,0.3596,0.7068,0.9668,0.025,0.3577,0.698,0.9727,0.0227,0.3424,0.6838,0.9727,0.0227,0.318,0.642,0.9727,0.0164,0.1951,0.6567,0.9727,0.0165,0.2334,0.6147,0.9796,0.0159,0.2523,0.6179,0.9796,0.0159,0.2507,0.5654,0.9796,0.0083,0.253,0.598,0.979,0.008
Zambia,56,Africa,afr,GH,56,0.726,45,0.731,0,0,0,0,0,0,116,0.65,119,0.6364,113,0.6312,114,0.6279,106,0.63,106,0.6293,107,0.631,106,0.6205,101,0.6288,85,0.636,0.804,0.938,0.980,0.180,0.831,0.938,0.941,0.174,0,0,0,0,0.345,0.737,0.968,0.014,0,0,0,0,0.656,0.863,0.974,0.107,0.6444,0.8463,0.9739,0.081,0.6354,0.8472,0.969,0.0732,0.6144,0.8551,0.969,0.0732,0.6005,0.8505,0.969,0.0999,0.6011,0.8472,0.969,0.0999,0.593,0.865,0.9612,0.105,0.5679,0.8478,0.9612,0.105,0.5707,0.8481,0.9612,0.1354,0.602,0.843,0.963,0.135
Zimbabwe,47,Africa,afr,EE,47,0.732,47,0.73,47,0.721,50,0.717,56,0.71,57,0.709,0,0,0,0,0,0,0,0,0,0,0,0,0,0,0,0,0,0,0.763,0.977,0.980,0.210,0.728,0.977,0.926,0.238,0.73,0.986,0.98,0.19,0.71,0.986,0.976,0.197,0.714,0.973,0.98,0.175,0.707,0.974,0.98,0.175,0.713,0.9396,0.9796,0.1732,0,0,0,0,0,0,0,0,0.6503,0.9355,0.9458,0.1112,0.6397,0.9332,0.9458,0.111,0.6178,0.9336,0.9522,0.1036,0.6113,0.9344,0.9522,0.0964,0.6037,0.9252,0.9522,0.1047,0.606,0.920,0.957,0.102
